ward code,ward name,local authority code,local authority name,All usual residents,Aged 4 years and under,Aged 5 to 9 years,Aged 10 to 14 years,Aged 15 to 19 years,Aged 20 to 24 years,Aged 25 to 29 years,Aged 30 to 34 years,Aged 35 to 39 years,Aged 40 to 44 years,Aged 45 to 49 years,Aged 50 to 54 years,Aged 55 to 59 years,Aged 60 to 64 years,Aged 65 to 69 years,Aged 70 to 74 years,Aged 75 to 79 years,Aged 80 to 84 years,Aged 85 years and over
E09000001,City of London,E09000001,City of London,8586,216,161,173,215,962,1213,1003,730,549,535,639,520,460,390,322,209,162,127
E05014053,Abbey,E09000002,Barking and Dagenham,3958,388,365,222,170,210,403,551,508,349,197,159,127,125,62,44,40,19,19
E05014054,Alibon,E09000002,Barking and Dagenham,9877,690,806,764,695,634,691,790,772,750,689,710,573,397,283,204,158,128,143
E05014055,Barking Riverside,E09000002,Barking and Dagenham,10063,1110,928,960,659,496,777,1114,941,870,678,595,343,248,115,103,58,35,33
E05014056,Beam,E09000002,Barking and Dagenham,8355,573,744,798,614,534,476,608,636,554,684,517,463,353,256,188,160,93,104
E05014057,Becontree,E09000002,Barking and Dagenham,9790,699,899,894,706,604,626,742,755,767,699,618,556,364,300,207,144,103,107
E05014058,Chadwell Heath,E09000002,Barking and Dagenham,13817,1078,1145,1118,946,772,907,1105,1103,986,885,804,733,573,432,379,318,281,252
E05014059,Eastbrook & Rush Green,E09000002,Barking and Dagenham,8743,528,643,599,534,530,628,693,648,582,537,590,534,482,320,308,202,185,200
E05014060,Eastbury,E09000002,Barking and Dagenham,15730,1199,1269,1290,1205,1031,1040,1222,1266,1290,1132,1066,773,623,436,345,207,196,140
E05014061,Gascoigne,E09000002,Barking and Dagenham,10716,1132,973,917,762,530,800,1053,1115,948,719,552,406,285,190,119,101,58,56
E05014062,Goresbrook,E09000002,Barking and Dagenham,13700,1002,1121,1190,929,782,893,980,1088,1040,930,992,732,604,442,405,227,168,175
E05014063,Heath,E09000002,Barking and Dagenham,9106,688,734,804,650,581,641,727,705,675,618,568,507,347,251,219,151,117,123
E05014064,Longbridge,E09000002,Barking and Dagenham,13305,841,1000,961,1002,1056,1057,995,1035,971,885,857,693,575,424,346,227,175,205
E05014065,Mayesbrook,E09000002,Barking and Dagenham,15613,1260,1350,1360,1131,989,1087,1263,1374,1271,1035,902,857,520,392,319,170,150,183
E05014066,Northbury,E09000002,Barking and Dagenham,13180,1133,1159,979,898,840,1061,1278,1340,1074,909,760,565,448,270,190,114,101,61
E05014067,Parsloes,E09000002,Barking and Dagenham,15155,1047,1193,1238,1006,907,942,1148,1246,1167,1085,1084,911,725,503,339,258,187,169
E05014068,Thames View,E09000002,Barking and Dagenham,5659,435,479,526,451,345,388,472,467,487,376,356,291,202,124,97,50,58,55
E05014069,Valence,E09000002,Barking and Dagenham,15231,1132,1254,1428,1046,852,879,1086,1287,1193,1133,1002,934,617,449,365,229,189,156
E05014070,Village,E09000002,Barking and Dagenham,12642,1021,1007,1072,812,751,907,1005,1010,890,847,853,667,516,379,334,224,183,164
E05014071,Whalebone,E09000002,Barking and Dagenham,14178,1289,1240,1120,921,815,1005,1249,1342,1200,856,844,663,556,309,265,191,163,150
E05013628,Barnet Vale,E09000003,Barnet,17082,974,979,999,862,790,1082,1148,1342,1262,1212,1296,1223,969,781,771,536,399,457
E05013629,Brunswick Park,E09000003,Barnet,16167,732,995,1181,933,861,893,889,1107,1241,1180,1291,1135,1009,727,716,494,381,402
E05013630,Burnt Oak,E09000003,Barnet,21573,1383,1531,1613,1422,1458,1493,1668,1686,1714,1649,1525,1238,953,769,571,358,266,276
E05013631,Childs Hill,E09000003,Barnet,19403,1072,1198,1221,982,1167,1616,1618,1668,1467,1366,1296,1087,900,745,706,473,349,472
E05013632,Colindale North,E09000003,Barnet,12729,960,901,911,834,915,1069,1138,1116,1033,1009,796,677,459,321,235,165,114,76
E05013633,Colindale South,E09000003,Barnet,19001,1318,1120,1029,1006,1567,2177,2540,1968,1472,1163,979,792,587,410,319,212,174,168
E05013634,Cricklewood,E09000003,Barnet,10400,685,681,705,705,714,825,875,807,844,762,731,627,412,334,264,164,132,133
E05013635,East Barnet,E09000003,Barnet,18091,1257,1182,1199,1037,958,1101,1224,1240,1390,1305,1293,1200,1034,769,704,547,308,343
E05013636,East Finchley,E09000003,Barnet,16301,892,967,1035,870,851,1306,1280,1213,1335,1202,1160,1006,754,621,633,540,331,305
E05013637,Edgware,E09000003,Barnet,19786,1250,1460,1329,1050,1104,1282,1457,1593,1510,1286,1178,1106,993,857,828,571,399,533
E05013638,Edgwarebury,E09000003,Barnet,12358,755,1053,1088,827,648,720,765,792,824,788,815,750,648,574,486,354,222,249
E05013639,Finchley Church End,E09000003,Barnet,18822,1129,1197,1075,902,941,1248,1468,1495,1523,1252,1203,1088,877,848,881,678,471,546
E05013640,Friern Barnet,E09000003,Barnet,19079,1141,1266,1327,1097,900,1216,1369,1567,1626,1527,1373,1190,971,757,662,417,307,366
E05013641,Garden Suburb,E09000003,Barnet,12673,739,834,897,676,512,592,675,858,922,928,841,804,730,569,716,519,429,432
E05013642,Golders Green,E09000003,Barnet,15128,1409,1406,1287,932,879,1275,1140,1187,935,817,705,567,604,530,430,358,273,394
E05013643,Hendon,E09000003,Barnet,21985,1549,1534,1485,1191,1938,1950,1915,1755,1467,1425,1157,1037,947,769,667,510,293,396
E05013644,High Barnet,E09000003,Barnet,12010,640,705,690,624,573,664,673,772,876,886,846,878,758,617,619,440,311,438
E05013645,Mill Hill,E09000003,Barnet,17802,1139,1044,1176,1165,943,1101,1197,1359,1263,1252,1164,1134,957,746,747,580,402,433
E05013646,Totteridge & Woodside,E09000003,Barnet,14908,875,993,1010,728,643,915,1031,1136,1268,1073,926,859,811,658,746,496,325,415
E05013647,Underhill,E09000003,Barnet,12302,666,702,834,744,666,697,752,882,922,883,892,870,650,558,570,417,295,302
E05013648,West Finchley,E09000003,Barnet,19409,1255,1172,1195,826,919,1338,1682,1759,1716,1457,1362,1027,973,738,678,548,371,393
E05013649,West Hendon,E09000003,Barnet,17243,1019,872,938,792,1205,1670,1791,1512,1464,1187,1110,892,896,617,431,317,255,275
E05013650,Whetstone,E09000003,Barnet,10874,613,648,649,521,493,717,801,872,852,815,743,666,576,489,449,377,245,348
E05013651,Woodhouse,E09000003,Barnet,14170,663,820,917,741,726,1075,1059,1081,1164,1047,1002,1016,672,622,534,371,295,365
E05011217,Barnehurst,E09000004,Bexley,11711,745,812,747,688,590,700,828,849,826,725,803,785,606,553,519,369,299,267
E05011218,Belvedere,E09000004,Bexley,17579,1195,1244,1184,952,1012,1292,1459,1409,1278,1137,1117,1069,932,685,594,426,309,285
E05011219,Bexleyheath,E09000004,Bexley,15877,880,947,956,753,768,849,1030,1036,1107,998,1070,1134,912,780,866,662,564,565
E05011220,Blackfen & Lamorbey,E09000004,Bexley,16113,863,977,989,895,934,931,967,1095,1003,993,1196,1161,1003,808,835,601,421,441
E05011221,Blendon & Penhill,E09000004,Bexley,15562,923,938,975,847,892,830,1012,1089,1018,1015,1108,1072,923,725,770,642,413,370
E05011222,Crayford,E09000004,Bexley,15894,978,1016,1061,954,847,1105,1307,1153,1121,1049,1138,1025,815,598,649,462,322,294
E05011223,Crook Log,E09000004,Bexley,15887,885,1038,980,803,769,872,1081,1253,1161,967,1126,1086,893,739,748,573,427,486
E05011224,East Wickham,E09000004,Bexley,16195,916,908,1037,928,822,938,1036,1287,1159,977,1184,1154,1020,720,719,539,438,413
E05011225,Erith,E09000004,Bexley,12806,1120,1106,950,712,666,957,1165,1078,897,851,720,708,517,385,328,228,217,201
E05011226,Falconwood & Welling,E09000004,Bexley,16584,957,1138,1099,896,830,976,1188,1356,1270,1053,1105,1113,931,795,683,430,386,378
E05011227,Longlands,E09000004,Bexley,10057,570,564,525,480,552,612,711,675,624,651,707,686,561,494,496,435,347,367
E05011228,Northumberland Heath,E09000004,Bexley,11044,639,767,842,723,633,654,700,741,743,735,818,745,617,521,437,308,243,178
E05011229,St Mary's & St James,E09000004,Bexley,10866,637,641,675,611,525,576,665,687,691,721,780,746,642,508,572,451,369,369
E05011230,Sidcup,E09000004,Bexley,15736,850,867,889,953,1089,978,1054,1036,1036,975,1014,989,854,686,768,598,474,626
E05011231,Slade Green & Northend,E09000004,Bexley,12879,960,1062,1102,877,810,839,930,919,971,945,916,821,586,367,279,174,175,146
E05011232,Thamesmead East,E09000004,Bexley,15939,1031,1244,1447,1179,946,1001,1043,1009,1159,1231,1290,1068,836,502,406,266,171,110
E05011233,West Heath,E09000004,Bexley,15677,887,918,972,889,837,775,924,1031,1084,995,1146,1221,917,768,838,592,463,420
E05013496,Alperton,E09000005,Brent,14996,930,920,933,905,1059,1396,1382,1310,1262,1017,941,830,636,488,343,291,185,168
E05013497,Barnhill,E09000005,Brent,11418,632,728,788,791,760,894,883,848,916,708,789,651,582,447,366,263,171,201
E05013498,Brondesbury Park,E09000005,Brent,13586,678,673,743,691,881,1269,1292,1088,1038,1002,860,830,707,555,440,299,262,278
E05013499,Cricklewood & Mapesbury,E09000005,Brent,13966,728,708,772,646,988,1451,1348,1341,1102,939,1044,798,634,488,413,252,165,149
E05013500,Dollis Hill,E09000005,Brent,21656,1419,1502,1572,1475,1615,1599,1650,1516,1483,1393,1578,1253,1019,776,602,418,432,354
E05013501,Harlesden & Kensal Green,E09000005,Brent,20121,1197,1292,1372,1247,1349,1505,1545,1590,1450,1519,1751,1333,961,697,410,334,316,253
E05013502,Kenton,E09000005,Brent,17691,948,947,949,883,1107,1297,1383,1368,1338,1017,1033,997,1050,899,851,598,486,540
E05013503,Kilburn,E09000005,Brent,17206,912,918,999,862,1148,1881,1770,1433,1412,1223,1209,1059,770,490,409,317,208,186
E05013504,Kingsbury,E09000005,Brent,11408,717,594,728,757,770,933,1093,894,879,801,694,693,512,397,339,244,176,187
E05013505,Northwick Park,E09000005,Brent,12139,571,624,672,816,906,873,918,878,774,756,861,712,726,605,513,375,299,260
E05013506,Preston,E09000005,Brent,12451,868,764,718,677,912,1183,1186,1002,897,819,773,651,566,417,344,258,208,208
E05013507,Queens Park,E09000005,Brent,17110,1132,967,943,821,928,1448,1570,1485,1440,1313,1243,1069,778,681,500,344,229,219
E05013508,Queensbury,E09000005,Brent,16860,952,921,941,902,1216,1409,1543,1425,1252,1088,1019,894,933,733,598,426,334,274
E05013509,Roundwood,E09000005,Brent,16630,1082,1136,1262,1147,1083,1163,1235,1360,1197,1221,1220,1124,787,535,397,272,202,207
E05013510,Stonebridge,E09000005,Brent,20202,1258,1381,1677,1615,1509,1523,1562,1491,1358,1300,1331,1289,1023,586,484,310,266,239
E05013511,Sudbury,E09000005,Brent,13787,921,818,843,816,976,1226,1297,1133,1057,1000,846,775,616,474,364,261,197,167
E05013512,Tokyngton,E09000005,Brent,9931,442,546,569,651,717,798,819,768,664,648,626,618,602,434,286,272,255,216
E05013513,Welsh Harp,E09000005,Brent,18254,1155,1093,1182,1088,1245,1423,1352,1403,1365,1236,1222,1154,954,690,563,476,332,321
E05013514,Wembley Central,E09000005,Brent,18018,1060,1038,1070,1153,1387,1614,1676,1488,1332,1260,1081,1075,836,680,468,292,264,244
E05013515,Wembley Hill,E09000005,Brent,15510,832,889,884,801,1097,1358,1429,1418,1212,1203,1102,869,767,527,379,263,228,252
E05013516,Wembley Park,E09000005,Brent,7651,425,304,216,891,1536,1172,1085,737,431,308,187,146,77,54,30,28,14,10
E05013517,Willesden Green,E09000005,Brent,19200,1110,1065,1035,980,1409,1871,1822,1711,1504,1322,1361,1078,844,657,508,397,254,272
E05013987,Beckenham Town & Copers Cope,E09000006,Bromley,16054,993,806,673,501,544,1145,1606,1566,1514,1172,1069,935,741,644,753,561,363,468
E05013988,Bickley & Sundridge,E09000006,Bromley,17804,934,1070,1200,886,679,914,1037,1177,1310,1348,1397,1228,1044,865,880,681,542,612
E05013989,Biggin Hill,E09000006,Bromley,10917,549,625,653,621,538,534,617,677,628,673,760,791,708,601,744,539,354,305
E05013990,Bromley Common & Holwood,E09000006,Bromley,18989,1217,1281,1233,1082,869,1060,1370,1476,1418,1394,1370,1299,963,752,774,522,406,503
E05013991,Bromley Town,E09000006,Bromley,15798,1008,969,855,652,729,1294,1567,1473,1291,1110,1024,909,723,540,586,427,290,351
E05013992,Chelsfield,E09000006,Bromley,11524,624,817,726,653,471,456,601,836,913,832,782,767,715,582,639,455,317,338
E05013993,Chislehurst,E09000006,Bromley,15533,876,948,1006,822,628,682,916,1038,1133,1068,1136,1089,888,715,791,632,478,687
E05013994,Clock House,E09000006,Bromley,17110,1214,1077,1021,769,601,960,1405,1661,1598,1452,1224,1083,887,654,592,376,267,269
E05013995,Crystal Palace & Anerley,E09000006,Bromley,12075,834,616,569,590,512,1086,1514,1315,1021,936,833,686,485,340,276,185,108,169
E05013996,Darwin,E09000006,Bromley,5502,222,291,335,310,245,240,237,256,316,359,455,435,401,330,387,305,178,200
E05013997,Farnborough & Crofton,E09000006,Bromley,17780,796,1174,1228,1022,839,805,800,998,1262,1269,1319,1267,1007,887,1007,743,654,703
E05013998,Hayes & Coney Hall,E09000006,Bromley,15784,693,976,1223,987,801,621,598,839,1117,1213,1265,1237,959,782,952,599,436,486
E05013999,Kelsey & Eden Park,E09000006,Bromley,15464,775,921,1141,842,736,723,737,913,1123,1191,1230,1186,963,720,787,566,418,492
E05014000,Mottingham,E09000006,Bromley,11533,799,805,816,670,561,637,852,939,960,782,776,741,607,430,416,287,230,225
E05014001,Orpington,E09000006,Bromley,12270,708,737,802,694,566,647,776,861,868,691,922,814,700,561,635,533,354,401
E05014002,Penge & Cator,E09000006,Bromley,19086,1257,1157,1093,959,876,1362,1711,1882,1566,1559,1403,1191,919,687,571,424,244,225
E05014003,Petts Wood & Knoll,E09000006,Bromley,16890,1018,1139,1001,799,659,723,907,1189,1290,1182,1205,1149,973,898,928,811,514,505
E05014004,Plaistow,E09000006,Bromley,12829,815,849,828,659,587,736,905,1063,949,941,905,861,735,518,556,352,279,291
E05014005,Shortlands & Park Langley,E09000006,Bromley,16678,1000,1099,1076,787,654,882,1057,1274,1343,1254,1143,1144,898,757,847,606,389,468
E05014006,St Mary Cray,E09000006,Bromley,18649,1208,1233,1180,1035,941,1145,1369,1359,1225,1198,1371,1213,1065,778,794,605,460,470
E05014007,St Paul's Cray,E09000006,Bromley,16976,1263,1191,1236,1050,940,1046,1208,1230,1194,1105,1195,1142,874,636,625,428,338,275
E05014008,West Wickham,E09000006,Bromley,14750,691,867,1022,837,688,632,615,778,1011,965,1139,1164,1032,782,826,620,479,602
E05013652,Belsize,E09000007,Camden,12117,722,671,571,391,581,1069,1361,1207,1110,943,833,621,486,403,387,322,215,224
E05013653,Bloomsbury,E09000007,Camden,11395,250,239,224,2141,2172,1205,865,596,516,513,526,528,429,320,302,240,165,164
E05013654,Camden Square,E09000007,Camden,7098,304,300,346,341,868,823,822,569,440,400,448,372,330,251,198,141,81,64
E05013655,Camden Town,E09000007,Camden,6812,277,277,302,409,847,886,707,536,463,369,431,402,314,177,157,122,79,57
E05013656,Fortune Green,E09000007,Camden,11572,599,566,627,511,782,1422,1230,1020,904,841,719,605,428,378,360,267,176,137
E05013657,Frognal,E09000007,Camden,7716,472,442,465,397,363,609,615,610,632,587,566,456,327,276,280,274,185,160
E05013658,Gospel Oak,E09000007,Camden,11741,595,613,654,631,748,1173,1134,917,792,772,806,762,610,421,421,286,210,196
E05013659,Hampstead Town,E09000007,Camden,8097,413,477,429,347,327,508,672,628,640,654,630,488,425,333,385,330,208,203
E05013660,Haverstock,E09000007,Camden,11972,638,624,706,717,1048,1205,1160,976,804,764,741,642,525,390,382,247,202,201
E05013661,Highgate,E09000007,Camden,10212,428,479,619,597,560,767,713,660,665,706,775,772,625,506,531,360,249,200
E05013662,Holborn & Covent Garden,E09000007,Camden,10321,354,399,398,542,1409,1171,926,730,644,619,680,713,520,402,339,219,126,130
E05013663,Kentish Town North,E09000007,Camden,7296,343,308,340,296,553,923,797,623,552,472,478,436,337,289,208,166,83,92
E05013664,Kentish Town South,E09000007,Camden,10322,437,505,569,688,1059,1134,1067,798,707,597,659,567,432,330,292,217,140,124
E05013665,Kilburn,E09000007,Camden,11990,661,622,667,676,867,1274,1224,996,854,811,770,687,471,405,410,259,179,157
E05013666,King's Cross,E09000007,Camden,11440,476,432,426,1202,2068,1355,1100,793,631,575,525,510,409,317,270,137,116,98
E05013667,Primrose Hill,E09000007,Camden,12432,700,690,675,680,702,985,1065,978,896,846,898,750,620,494,487,389,274,303
E05013668,Regent's Park,E09000007,Camden,11899,533,560,645,1007,1662,1177,1029,782,688,689,742,725,479,378,282,213,157,151
E05013669,St Pancras & Somers Town,E09000007,Camden,12453,601,669,730,1148,1816,1182,1034,846,734,695,707,646,518,377,280,208,145,117
E05013670,South Hampstead,E09000007,Camden,12061,688,581,570,528,866,1457,1513,1163,986,805,719,526,467,345,295,239,148,165
E05013671,West Hampstead,E09000007,Camden,11186,562,418,424,491,865,1685,1526,1118,826,702,608,542,390,334,282,192,125,96
E05011462,Addiscombe East,E09000008,Croydon,11794,780,612,620,565,647,833,976,941,827,767,869,863,698,553,510,304,241,188
E05011463,Addiscombe West,E09000008,Croydon,15672,1153,1014,815,738,863,1300,1782,1591,1228,1046,977,888,651,487,392,288,248,211
E05011464,Bensham Manor,E09000008,Croydon,16923,1013,1061,1207,1139,994,1172,1404,1259,1193,1070,1199,1271,981,643,493,328,266,230
E05011465,Broad Green,E09000008,Croydon,20096,1477,1524,1508,1367,1337,1509,1702,1643,1485,1413,1459,1180,867,570,406,272,204,173
E05011466,Coulsdon Town,E09000008,Croydon,15257,1149,1054,975,806,718,839,1237,1323,1177,992,964,959,734,659,649,425,321,276
E05011467,Crystal Palace & Upper Norwood,E09000008,Croydon,16271,1110,940,939,736,700,1089,1571,1491,1434,1257,1151,1032,824,603,495,376,254,269
E05011468,Fairfield,E09000008,Croydon,15775,1261,869,631,516,1142,2393,2422,1810,1245,939,788,598,424,240,172,152,94,79
E05011469,Kenley,E09000008,Croydon,10383,605,646,654,519,481,519,650,755,704,722,791,738,637,517,489,374,251,331
E05011470,New Addington North,E09000008,Croydon,11121,644,988,1218,1111,746,639,610,650,693,818,775,654,456,334,274,230,158,123
E05011471,New Addington South,E09000008,Croydon,11194,647,816,934,812,695,648,726,719,675,784,848,802,573,445,408,266,207,189
E05011472,Norbury & Pollards Hill,E09000008,Croydon,12458,747,699,763,718,711,940,1086,964,954,841,833,831,659,481,417,320,238,256
E05011473,Norbury Park,E09000008,Croydon,10555,544,613,690,639,612,715,718,722,708,688,693,760,647,503,460,319,271,253
E05011474,Old Coulsdon,E09000008,Croydon,9763,587,600,629,503,438,421,514,695,651,591,656,693,606,525,574,481,282,317
E05011475,Park Hill & Whitgift,E09000008,Croydon,5764,357,352,325,235,227,336,512,556,515,379,281,304,295,240,244,208,182,216
E05011476,Purley & Woodcote,E09000008,Croydon,16544,975,970,979,827,778,1051,1274,1235,1188,1014,1079,1163,936,834,756,562,415,508
E05011477,Purley Oaks & Riddlesdown,E09000008,Croydon,10519,668,644,664,534,532,682,788,865,785,710,726,738,587,479,422,313,218,164
E05011478,Sanderstead,E09000008,Croydon,15526,806,940,1006,802,706,643,724,939,1139,1013,1124,1114,1004,875,996,637,502,556
E05011479,Selhurst,E09000008,Croydon,12930,979,1005,870,850,776,1012,1060,1064,1012,869,990,674,553,383,311,217,168,137
E05011480,Selsdon & Addington Village,E09000008,Croydon,10331,478,582,646,659,549,576,555,594,649,633,767,793,680,532,606,424,313,295
E05011481,Selsdon Vale & Forestdale,E09000008,Croydon,9659,588,633,558,445,463,563,613,711,681,580,647,679,577,553,610,334,211,213
E05011482,Shirley North,E09000008,Croydon,15326,811,863,1011,883,862,957,934,963,950,871,1167,1179,942,747,782,592,428,384
E05011483,Shirley South,E09000008,Croydon,10811,494,660,784,744,647,584,520,562,610,698,797,822,730,573,562,424,287,313
E05011484,South Croydon,E09000008,Croydon,17201,1253,1024,989,746,809,1478,1843,1643,1444,1161,1115,1046,743,581,506,338,249,233
E05011485,South Norwood,E09000008,Croydon,16538,1140,988,1049,891,858,1241,1550,1560,1289,1154,1147,1043,840,528,440,312,244,264
E05011486,Thornton Heath,E09000008,Croydon,17936,1159,1142,1149,1207,1084,1290,1318,1387,1337,1269,1400,1311,992,625,497,330,230,209
E05011487,Waddon,E09000008,Croydon,18499,1267,1327,1321,1134,1014,1366,1686,1659,1406,1295,1227,1118,793,538,444,325,275,304
E05011488,West Thornton,E09000008,Croydon,18795,1354,1346,1391,1132,1264,1484,1376,1411,1321,1254,1370,1200,948,633,452,357,261,241
E05011489,Woodside,E09000008,Croydon,17041,1116,1045,1085,1068,963,1280,1486,1453,1325,1126,1252,1321,935,562,411,246,203,164
E05013518,Central Greenford,E09000009,Ealing,13970,765,800,927,845,825,1002,1069,1137,1183,985,1013,870,746,543,429,333,259,239
E05013519,Dormers Wells,E09000009,Ealing,15153,835,1014,1095,1083,978,1022,1047,1089,1084,1107,972,931,777,663,509,357,318,272
E05013520,Ealing Broadway,E09000009,Ealing,14243,790,727,615,489,799,1495,1579,1352,1187,996,924,813,675,512,448,339,238,265
E05013521,Ealing Common,E09000009,Ealing,15788,759,696,723,667,1144,1573,1511,1488,1175,1116,967,993,755,693,597,384,270,277
E05013522,East Acton,E09000009,Ealing,16026,937,870,980,843,1282,1815,1736,1343,1123,982,1065,887,573,480,420,268,231,191
E05013523,Greenford Broadway,E09000009,Ealing,17046,1095,1172,1276,1120,1009,1156,1352,1339,1482,1132,1200,944,788,565,477,357,307,275
E05013524,Hanger Hill,E09000009,Ealing,16818,1042,1070,1021,705,877,1317,1375,1515,1466,1231,1143,833,732,690,672,475,325,329
E05013525,Hanwell Broadway,E09000009,Ealing,15104,944,978,1008,794,780,1080,1291,1349,1395,1226,1060,914,657,532,421,291,197,187
E05013526,Lady Margaret,E09000009,Ealing,16116,843,991,1114,976,951,1191,1158,1272,1203,1114,1028,1051,1018,682,524,370,326,304
E05013527,North Acton,E09000009,Ealing,18378,865,932,957,1954,1882,1797,1570,1518,1386,1132,980,875,740,551,415,289,247,288
E05013528,North Greenford,E09000009,Ealing,16146,854,889,995,964,939,1220,1451,1470,1271,1111,1019,957,915,650,538,398,278,227
E05013529,North Hanwell,E09000009,Ealing,15043,840,1034,1182,1043,813,945,917,1075,1238,1217,1091,987,731,581,477,380,244,248
E05013530,Northfield,E09000009,Ealing,14431,818,951,1014,694,711,869,1001,1188,1235,1171,1132,943,687,592,505,387,289,244
E05013531,Northolt Mandeville,E09000009,Ealing,17374,1097,1139,1251,1189,1017,1253,1364,1334,1330,1306,1193,1032,853,636,557,342,242,239
E05013532,Northolt West End,E09000009,Ealing,16528,1253,1194,1348,1133,998,1149,1263,1288,1230,1086,1091,1063,798,518,421,299,213,183
E05013533,Norwood Green,E09000009,Ealing,15431,989,959,1059,955,993,1331,1409,1192,1207,990,999,908,725,596,439,271,210,199
E05013534,Perivale,E09000009,Ealing,16178,873,929,994,988,924,1170,1231,1397,1385,1113,1082,1062,916,655,562,360,289,248
E05013535,Pitshanger,E09000009,Ealing,15174,870,945,1056,914,897,972,1058,1103,1045,1064,1113,1058,787,651,649,438,285,269
E05013536,South Acton,E09000009,Ealing,17076,1159,992,905,779,1026,1762,1964,1648,1430,1180,1038,921,656,493,377,293,226,227
E05013537,Southall Broadway,E09000009,Ealing,10982,596,689,732,808,702,729,840,824,917,897,774,633,540,408,319,231,198,145
E05013538,Southall Green,E09000009,Ealing,16334,946,1064,1298,1213,1094,1078,1218,1332,1408,1277,1173,895,742,542,419,265,223,147
E05013539,Southall West,E09000009,Ealing,6812,409,470,526,471,486,508,451,529,533,513,452,376,334,241,174,131,109,99
E05013540,Southfield,E09000009,Ealing,16243,1028,934,797,600,807,1286,1583,1585,1460,1279,1169,1047,740,570,548,384,234,192
E05013541,Walpole,E09000009,Ealing,14644,890,782,794,602,724,1165,1321,1376,1283,1117,1068,918,777,559,479,332,250,207
E05013672,Arnos Grove,E09000010,Enfield,8874,534,510,531,461,421,500,588,611,746,584,580,644,484,409,445,325,239,262
E05013673,Bowes,E09000010,Enfield,10703,614,590,616,586,724,881,863,886,868,742,716,651,569,410,358,229,208,192
E05013674,Brimsdown,E09000010,Enfield,16286,1097,1189,1440,1318,1076,1148,1032,1119,1136,1086,1110,1003,823,493,432,300,276,208
E05013675,Bullsmoor,E09000010,Enfield,11383,662,829,1003,878,756,713,724,765,746,784,795,783,554,377,327,253,214,220
E05013676,Bush Hill Park,E09000010,Enfield,13000,772,700,710,597,626,672,817,877,856,837,898,886,845,804,703,497,411,492
E05013677,Carterhatch,E09000010,Enfield,12815,897,1068,1162,1150,918,856,786,804,895,827,930,698,589,364,312,244,164,151
E05013678,Cockfosters,E09000010,Enfield,10156,561,546,701,536,485,539,631,682,730,679,673,618,588,514,491,405,386,391
E05013679,Edmonton Green,E09000010,Enfield,17057,1231,1359,1367,1338,1148,1229,1203,1216,1175,1217,1170,975,802,552,377,259,214,225
E05013680,Enfield Lock,E09000010,Enfield,17861,1348,1439,1587,1283,1124,1322,1310,1291,1260,1261,1157,1162,747,520,392,280,214,164
E05013681,Grange Park,E09000010,Enfield,8605,419,505,568,461,394,450,486,564,588,610,662,651,509,445,451,332,250,260
E05013682,Haselbury,E09000010,Enfield,18337,1225,1288,1440,1355,1253,1267,1342,1219,1225,1229,1293,1131,946,700,524,366,286,248
E05013683,Highfield,E09000010,Enfield,9524,523,632,560,551,538,595,634,702,658,645,615,683,585,410,422,314,247,210
E05013684,Jubilee,E09000010,Enfield,16375,1130,1174,1338,1201,1016,1026,1145,1116,1187,1031,1094,1019,811,631,490,385,320,261
E05013685,Lower Edmonton,E09000010,Enfield,16536,1003,1312,1387,1277,1174,1120,1135,1107,1155,1119,1123,1042,846,576,434,275,253,198
E05013686,New Southgate,E09000010,Enfield,11121,698,640,644,560,617,947,1070,1035,965,769,709,672,537,393,321,229,167,148
E05013687,Oakwood,E09000010,Enfield,8701,490,581,605,470,406,425,557,623,685,629,626,573,471,376,391,279,248,266
E05013688,Palmers Green,E09000010,Enfield,10823,760,561,534,488,534,774,895,906,941,743,755,732,651,459,382,270,206,232
E05013689,Ponders End,E09000010,Enfield,13474,996,1163,1213,1090,979,906,968,1008,948,912,846,772,514,345,266,223,194,131
E05013690,Ridgeway,E09000010,Enfield,12776,699,724,797,600,515,725,867,886,1036,901,836,894,725,626,615,490,374,466
E05013691,Southbury,E09000010,Enfield,15334,1099,1155,1099,972,841,934,1169,1249,1239,1104,1029,965,762,531,442,309,226,209
E05013692,Southgate,E09000010,Enfield,15236,898,937,969,812,675,869,1103,1240,1247,1169,1056,944,837,620,575,458,428,399
E05013693,Town,E09000010,Enfield,13318,859,830,844,683,615,771,915,1072,1052,946,996,868,750,593,566,387,282,289
E05013694,Upper Edmonton,E09000010,Enfield,16814,1181,1356,1354,1332,1121,1187,1236,1246,1237,1114,1190,1004,742,518,362,233,200,201
E05013695,Whitewebbs,E09000010,Enfield,14395,968,1029,997,856,694,755,963,971,1159,1027,1023,990,715,590,601,438,276,343
E05013696,Winchmore Hill,E09000010,Enfield,10422,631,610,630,481,441,579,679,796,838,754,771,758,638,544,468,355,209,240
E05014072,Abbey Wood,E09000011,Greenwich,17417,1147,1394,1475,1114,1029,1283,1336,1384,1265,1204,1198,1054,829,606,415,315,179,190
E05014073,Blackheath Westcombe,E09000011,Greenwich,14962,811,892,864,592,566,1089,1309,1237,1285,1177,1124,948,763,556,590,482,320,357
E05014074,Charlton Hornfair,E09000011,Greenwich,12562,841,936,909,681,618,929,1145,1153,1085,941,898,657,567,386,338,202,149,127
E05014075,Charlton Village & Riverside,E09000011,Greenwich,10286,670,638,659,631,698,788,847,851,749,791,679,561,508,384,315,217,147,153
E05014076,East Greenwich,E09000011,Greenwich,14410,959,786,610,566,940,1572,2041,1741,1232,879,803,694,467,348,289,204,157,122
E05014077,Eltham Page,E09000011,Greenwich,9964,532,683,826,645,655,665,646,784,787,659,703,661,494,363,319,251,166,125
E05014078,Eltham Park & Progress,E09000011,Greenwich,10439,699,687,653,480,475,548,624,845,835,758,785,677,598,496,479,325,232,243
E05014079,Eltham Town & Avery Hill,E09000011,Greenwich,15524,892,936,931,954,1085,973,1124,1157,1101,970,1015,938,766,714,707,502,338,421
E05014080,Greenwich Creekside,E09000011,Greenwich,11199,658,541,474,752,1154,1617,1694,1227,823,542,524,444,253,170,140,85,53,48
E05014081,Greenwich Park,E09000011,Greenwich,10368,634,494,441,516,799,1189,1237,947,814,694,613,552,402,253,313,200,132,138
E05014082,Greenwich Peninsula,E09000011,Greenwich,11496,880,611,449,497,866,1965,2106,1523,845,563,401,280,163,130,76,66,48,27
E05014083,Kidbrooke Park,E09000011,Greenwich,10155,648,607,622,613,571,704,782,910,771,684,726,670,523,411,352,228,178,155
E05014084,Kidbrooke Village & Sutcliffe,E09000011,Greenwich,5955,437,380,246,193,302,671,849,685,548,336,272,225,200,156,168,116,85,86
E05014085,Middle Park & Horn Park,E09000011,Greenwich,9740,682,676,835,606,555,564,671,772,716,613,697,596,456,365,353,254,185,144
E05014086,"Mottingham, Coldharbour & New Eltham",E09000011,Greenwich,14516,916,923,858,785,792,907,1022,1081,1089,949,1080,960,788,637,653,453,323,300
E05014087,Plumstead & Glyndon,E09000011,Greenwich,21783,1553,1496,1365,1236,1358,1802,1986,1826,1717,1431,1476,1334,1041,754,548,399,249,212
E05014088,Plumstead Common,E09000011,Greenwich,15626,1029,1043,1035,825,848,1046,1202,1184,1239,1023,1156,1031,862,700,529,362,269,243
E05014089,Shooters Hill,E09000011,Greenwich,11869,758,861,870,661,701,722,908,972,991,953,901,695,593,400,343,264,150,126
E05014090,Thamesmead Moorings,E09000011,Greenwich,12410,898,1037,1159,866,690,708,845,840,1029,1100,977,788,553,350,251,155,89,75
E05014091,West Thamesmead,E09000011,Greenwich,11807,811,838,850,652,1082,996,1060,1071,1081,925,792,700,410,223,140,94,43,39
E05014092,Woolwich Arsenal,E09000011,Greenwich,12229,738,566,479,453,890,1879,1937,1484,1064,699,575,459,339,237,202,121,74,33
E05014093,Woolwich Common,E09000011,Greenwich,13068,1023,933,794,848,947,1188,1449,1127,968,846,802,641,484,375,259,182,114,88
E05014094,Woolwich Dockyard,E09000011,Greenwich,11385,831,811,816,739,743,921,1046,975,924,808,831,578,475,329,220,154,110,74
E05009367,Brownswood,E09000012,Hackney,8987,509,405,347,328,612,1348,1411,953,729,497,479,411,289,236,169,123,86,55
E05009368,Cazenove,E09000012,Hackney,15212,1540,1295,1128,1029,1100,1619,1493,1149,908,830,822,679,535,395,297,178,133,82
E05009369,Clissold,E09000012,Hackney,12472,631,644,731,623,636,1398,1497,1185,1104,875,799,711,549,368,341,173,102,105
E05009370,Dalston,E09000012,Hackney,9009,393,308,337,315,606,1618,1650,961,643,510,419,419,284,188,133,111,59,55
E05009371,De Beauvoir,E09000012,Hackney,9022,515,439,452,345,471,1218,1333,983,717,583,493,448,324,210,185,123,91,92
E05009372,Hackney Central,E09000012,Hackney,12907,629,705,730,642,840,1637,1768,1149,1003,703,755,692,570,357,306,181,127,113
E05009373,Hackney Downs,E09000012,Hackney,13006,653,629,714,735,844,1604,1668,1272,987,858,752,738,499,372,264,182,143,92
E05009374,Hackney Wick,E09000012,Hackney,12358,581,663,802,822,916,1431,1359,1082,876,755,799,710,508,384,269,172,113,116
E05009375,Haggerston,E09000012,Hackney,14429,663,643,708,712,1180,2035,2089,1440,983,778,821,728,570,358,299,186,130,106
E05009376,Homerton,E09000012,Hackney,13206,830,836,884,778,953,1512,1550,1158,944,850,799,679,540,334,233,128,99,99
E05009377,Hoxton East & Shoreditch,E09000012,Hackney,12094,513,481,548,580,1238,1996,1880,1143,812,674,578,543,396,242,194,110,77,89
E05009378,Hoxton West,E09000012,Hackney,13811,639,593,601,694,1518,2111,1892,1253,927,908,699,668,499,281,208,142,90,88
E05009379,King's Park,E09000012,Hackney,13283,818,817,876,864,950,1232,1249,1116,952,793,885,753,642,427,326,248,166,169
E05009380,Lea Bridge,E09000012,Hackney,14436,996,881,854,756,910,1581,1739,1512,1069,877,830,747,569,368,279,184,141,143
E05009381,London Fields,E09000012,Hackney,12297,572,600,587,540,724,1634,1652,1119,903,753,780,682,519,413,292,225,157,145
E05009382,Shacklewell,E09000012,Hackney,8779,475,477,516,452,558,1114,1198,808,685,585,490,476,354,211,184,84,62,50
E05009383,Springfield,E09000012,Hackney,15336,1646,1490,1442,1235,1158,1155,1115,1127,958,737,697,708,545,469,363,228,136,127
E05009384,Stamford Hill West,E09000012,Hackney,10293,1206,990,1029,769,816,796,779,658,625,544,471,424,377,283,210,124,86,106
E05009385,Stoke Newington,E09000012,Hackney,13590,757,699,682,624,825,1582,1544,1311,1055,929,858,825,593,421,358,205,153,169
E05009386,Victoria,E09000012,Hackney,12231,613,649,710,615,753,1417,1610,1150,854,761,760,736,527,354,287,186,122,127
E05009387,Woodberry Down,E09000012,Hackney,12322,961,891,739,672,966,1498,1476,1064,896,660,587,559,419,334,251,144,112,93
E05013733,Addison,E09000013,Hammersmith and Fulham,7806,338,344,373,306,612,1116,905,645,597,566,506,482,318,236,176,134,86,66
E05013734,Avonmore,E09000013,Hammersmith and Fulham,7525,274,238,286,262,810,1021,851,595,500,514,465,402,335,267,238,200,125,142
E05013735,Brook Green,E09000013,Hammersmith and Fulham,8100,391,419,368,293,716,917,886,655,603,574,578,465,308,261,237,174,147,108
E05013736,College Park & Old Oak,E09000013,Hammersmith and Fulham,9983,449,451,487,480,1144,1152,1038,822,692,681,660,575,454,302,235,139,132,90
E05013737,Coningham,E09000013,Hammersmith and Fulham,10837,549,487,487,494,929,1428,1254,884,758,700,743,630,480,346,246,172,128,122
E05013738,Fulham Reach,E09000013,Hammersmith and Fulham,11599,460,434,468,467,1523,1634,1260,850,725,760,671,565,454,412,327,269,169,151
E05013739,Fulham Town,E09000013,Hammersmith and Fulham,7457,375,332,349,278,751,1207,872,642,498,463,470,386,218,185,185,115,75,56
E05013740,Grove,E09000013,Hammersmith and Fulham,7434,428,365,353,294,482,873,804,646,524,512,527,479,304,240,245,151,110,97
E05013741,Hammersmith Broadway,E09000013,Hammersmith and Fulham,7642,341,327,321,369,743,1013,893,653,531,456,477,392,325,250,177,131,128,115
E05013742,Lillie,E09000013,Hammersmith and Fulham,6666,277,266,265,261,710,923,778,551,450,402,400,343,285,238,165,154,108,90
E05013743,Munster,E09000013,Hammersmith and Fulham,12411,734,555,549,452,1248,1928,1379,1061,856,807,653,617,377,339,305,254,174,123
E05013744,Palace & Hurlingham,E09000013,Hammersmith and Fulham,11510,642,738,701,478,774,1090,901,855,849,803,778,742,518,425,480,316,234,186
E05013745,Parsons Green & Sandford,E09000013,Hammersmith and Fulham,7901,453,523,475,357,596,915,638,577,591,565,543,456,364,279,213,163,119,74
E05013746,Ravenscourt,E09000013,Hammersmith and Fulham,6967,313,321,324,336,507,744,684,600,498,474,487,440,348,234,247,177,106,127
E05013747,Sands End,E09000013,Hammersmith and Fulham,10910,649,571,505,497,891,1434,1274,957,859,709,670,561,354,294,268,182,139,96
E05013748,Shepherd's Bush Green,E09000013,Hammersmith and Fulham,5617,298,294,266,254,466,745,637,437,381,359,401,352,231,170,122,79,72,53
E05013749,Walham Green,E09000013,Hammersmith and Fulham,7718,343,332,372,359,771,1153,871,641,487,464,452,410,313,221,183,154,86,106
E05013750,Wendell Park,E09000013,Hammersmith and Fulham,7430,441,486,435,360,468,587,659,593,651,630,600,440,260,225,238,151,97,109
E05013751,West Kensington,E09000013,Hammersmith and Fulham,9509,377,352,357,432,1130,1522,1110,741,623,566,596,499,325,278,237,151,117,96
E05013752,White City,E09000013,Hammersmith and Fulham,10289,525,589,711,652,931,1155,993,837,664,668,690,582,440,282,230,145,107,88
E05013753,Wormholt,E09000013,Hammersmith and Fulham,7825,402,408,542,516,765,836,697,553,504,511,518,417,350,241,222,130,107,106
E05013585,Alexandra Park,E09000014,Haringey,9040,500,690,790,525,373,443,430,576,778,841,688,626,518,397,374,222,131,138
E05013586,Bounds Green,E09000014,Haringey,9747,535,558,580,504,532,851,955,864,757,718,727,609,463,324,276,212,158,124
E05013587,Bruce Castle,E09000014,Haringey,14040,900,961,1019,904,896,1090,1146,1093,1083,1087,1036,915,611,378,268,226,255,172
E05013588,Crouch End,E09000014,Haringey,12981,702,664,704,483,518,1019,1226,1262,1114,1024,980,944,669,543,455,304,175,195
E05013589,Fortis Green,E09000014,Haringey,12861,663,834,1002,883,583,707,777,921,1108,1040,1037,889,656,518,469,320,217,237
E05013590,Harringay,E09000014,Haringey,14420,745,590,574,557,903,1828,1923,1563,1241,1094,894,700,593,381,300,201,158,175
E05013591,Hermitage & Gardens,E09000014,Haringey,8933,426,378,392,393,697,1294,1143,900,685,570,538,466,326,238,167,136,99,85
E05013592,Highgate,E09000014,Haringey,12440,594,609,643,531,525,1208,1148,1129,1003,926,1054,745,551,485,449,354,237,249
E05013593,Hornsey,E09000014,Haringey,14714,809,758,772,709,644,1337,1611,1433,1297,1060,1037,910,665,542,473,319,167,171
E05013594,Muswell Hill,E09000014,Haringey,8843,457,477,527,395,395,637,690,693,769,673,626,581,473,422,410,274,182,162
E05013595,Noel Park,E09000014,Haringey,13684,605,565,632,747,1134,1349,1471,1302,1121,1010,967,894,597,383,333,219,194,161
E05013596,Northumberland Park,E09000014,Haringey,14823,987,1036,1083,1003,960,1054,1194,1151,1007,1137,1141,1021,701,467,373,196,184,128
E05013597,St Ann's,E09000014,Haringey,10265,669,525,552,491,635,992,1217,919,886,754,633,636,431,343,208,146,137,91
E05013598,Seven Sisters,E09000014,Haringey,9412,624,595,599,551,669,850,927,839,738,595,586,600,399,306,210,127,111,86
E05013599,South Tottenham,E09000014,Haringey,17117,1349,1391,1419,1253,1197,1467,1712,1295,1224,1036,1053,826,587,385,321,218,217,167
E05013600,Stroud Green,E09000014,Haringey,10932,553,473,397,401,577,1376,1365,1063,812,749,804,692,504,435,342,203,103,83
E05013601,Tottenham Central,E09000014,Haringey,14382,814,724,751,718,891,1404,1584,1403,1160,1066,984,819,641,477,366,238,160,182
E05013602,Tottenham Hale,E09000014,Haringey,11944,696,676,721,1010,1240,1237,1118,1054,817,699,760,622,410,254,233,170,129,98
E05013603,West Green,E09000014,Haringey,14721,810,754,757,771,986,1375,1497,1482,1153,1053,982,815,683,533,409,256,229,176
E05013604,White Hart Lane,E09000014,Haringey,13431,624,722,852,971,1012,1065,1053,1056,1090,913,974,913,746,522,331,243,188,156
E05013605,Woodside,E09000014,Haringey,15417,876,779,856,769,996,1418,1702,1599,1298,1109,1028,848,645,469,379,270,201,175
E05013542,Belmont,E09000015,Harrow,9159,517,614,593,515,486,601,549,649,680,623,566,608,526,544,402,284,203,199
E05013543,Canons,E09000015,Harrow,9119,457,472,504,444,454,598,654,632,635,593,537,542,565,512,500,340,305,375
E05013544,Centenary,E09000015,Harrow,14530,882,908,928,897,895,1180,1135,1121,1120,946,916,834,764,663,487,340,275,239
E05013545,Edgware,E09000015,Harrow,15998,1064,948,1019,920,1038,1332,1455,1356,1258,990,928,865,805,668,472,312,290,278
E05013546,Greenhill,E09000015,Harrow,11424,890,680,489,463,684,1162,1622,1355,897,647,580,433,390,285,284,222,173,168
E05013547,Harrow on the Hill,E09000015,Harrow,10819,614,556,782,1030,582,706,904,903,836,791,646,571,481,385,367,265,203,197
E05013548,Harrow Weald,E09000015,Harrow,14539,741,816,985,882,918,878,957,989,948,893,964,1009,866,680,657,518,412,426
E05013549,Hatch End,E09000015,Harrow,9583,594,579,633,482,398,527,529,691,764,578,635,582,577,502,493,350,311,358
E05013550,Headstone,E09000015,Harrow,15046,942,971,954,818,778,987,1247,1287,1258,967,919,941,822,653,574,409,260,259
E05013551,Kenton East,E09000015,Harrow,14596,928,860,854,755,989,1145,1206,1221,1021,874,859,903,826,692,525,359,300,279
E05013552,Kenton West,E09000015,Harrow,9584,514,489,491,468,606,682,748,738,659,528,625,604,639,577,436,321,249,210
E05013553,Marlborough,E09000015,Harrow,11366,871,797,623,543,634,988,1194,1115,943,753,679,569,456,376,290,217,162,156
E05013554,North Harrow,E09000015,Harrow,9246,501,550,525,475,480,632,740,748,717,563,594,564,535,454,411,301,250,206
E05013555,Pinner,E09000015,Harrow,13265,746,790,835,712,609,684,750,999,964,923,922,814,766,704,685,557,394,411
E05013556,Pinner South,E09000015,Harrow,15083,755,1074,1120,801,694,844,788,1055,1317,1063,991,948,848,745,686,546,427,381
E05013557,Rayners Lane,E09000015,Harrow,9634,511,673,664,615,596,611,636,755,811,655,613,626,510,420,322,259,180,177
E05013558,Roxbourne,E09000015,Harrow,9827,602,676,702,675,715,677,722,822,757,664,681,556,460,361,306,179,152,120
E05013559,Roxeth,E09000015,Harrow,15754,938,941,1065,983,968,1167,1308,1276,1222,1044,1014,991,814,636,527,378,259,223
E05013560,Stanmore,E09000015,Harrow,13659,713,805,804,733,778,858,901,865,927,948,864,698,778,648,696,622,453,568
E05013561,Wealdstone North,E09000015,Harrow,10363,737,735,759,687,642,768,820,996,788,614,685,551,431,342,258,222,171,157
E05013562,Wealdstone South,E09000015,Harrow,8081,593,587,485,535,493,651,694,714,582,521,432,416,462,264,215,164,135,138
E05013563,West Harrow,E09000015,Harrow,10493,605,630,678,621,685,790,890,837,838,821,698,707,516,367,309,216,144,141
E05013967,Beam Park,E09000016,Havering,5237,422,382,392,349,339,421,471,417,352,326,331,293,217,175,125,98,73,54
E05013968,Cranham,E09000016,Havering,12949,689,749,840,717,620,648,645,812,880,845,948,861,726,674,713,539,460,583
E05013969,Elm Park,E09000016,Havering,16447,1040,1090,928,882,863,1008,1215,1194,1062,1006,1035,1135,1037,748,774,580,414,436
E05013970,Emerson Park,E09000016,Havering,9210,408,475,491,503,516,500,488,562,508,535,616,664,655,579,645,451,299,315
E05013971,Gooshays,E09000016,Havering,17402,1218,1398,1301,1105,1038,1060,1312,1390,1247,1135,1137,1018,884,582,576,378,270,353
E05013972,Hacton,E09000016,Havering,9099,490,518,441,422,466,569,598,612,540,502,608,704,586,526,561,381,278,297
E05013973,Harold Wood,E09000016,Havering,13967,906,799,761,678,661,1067,1281,1179,932,823,850,847,745,622,652,462,318,384
E05013974,Havering-atte-Bower,E09000016,Havering,16314,1083,1142,1053,1007,969,933,1115,1185,1041,1010,1104,1020,890,756,745,485,405,371
E05013975,Heaton,E09000016,Havering,17572,1282,1415,1379,1154,957,1137,1323,1374,1246,1093,1116,1028,881,646,624,383,263,271
E05013976,Hylands & Harrow Lodge,E09000016,Havering,14186,752,779,819,834,795,908,872,926,904,900,1031,1041,945,708,742,494,355,381
E05013977,Marshalls & Rise Park,E09000016,Havering,13070,634,725,728,724,708,733,775,767,804,791,927,888,854,728,763,623,410,488
E05013978,Mawneys,E09000016,Havering,14520,943,989,896,815,773,921,1025,1044,1008,884,921,900,800,654,728,513,343,363
E05013979,Rainham & Wennington,E09000016,Havering,13582,843,911,851,747,743,938,1026,933,846,815,847,941,770,620,570,459,388,334
E05013980,Rush Green & Crowlands,E09000016,Havering,15798,1285,1124,1007,854,904,1333,1626,1395,1090,928,956,894,652,474,450,295,229,302
E05013981,St Alban's,E09000016,Havering,8236,663,526,503,428,425,660,880,736,681,586,518,452,339,245,215,162,93,124
E05013982,St Andrew's,E09000016,Havering,14250,770,756,686,646,728,888,980,980,887,843,944,1056,929,811,761,627,464,494
E05013983,St Edward's,E09000016,Havering,10649,779,668,538,459,526,904,1065,975,768,672,678,581,485,382,373,309,247,240
E05013984,South Hornchurch,E09000016,Havering,10537,658,698,688,677,649,684,747,718,689,625,743,692,581,412,461,318,251,246
E05013985,Squirrels Heath,E09000016,Havering,15704,1026,985,831,710,735,1026,1238,1268,1113,956,1100,962,906,758,773,532,405,380
E05013986,Upminster,E09000016,Havering,13357,577,735,855,687,675,608,614,725,821,967,963,984,862,758,905,634,452,535
E05013564,Belmore,E09000017,Hillingdon,17367,1099,1259,1345,1223,1108,1152,1293,1426,1371,1297,1046,1024,809,646,466,326,232,245
E05013565,Charville,E09000017,Hillingdon,11504,748,784,793,788,770,786,763,887,814,767,820,755,541,366,368,261,249,244
E05013566,Colham & Cowley,E09000017,Hillingdon,19280,1139,1106,1192,1972,1914,1411,1464,1338,1287,1157,1231,1011,835,604,562,400,342,315
E05013567,Eastcote,E09000017,Hillingdon,16671,883,992,983,831,767,894,988,1316,1295,1065,1161,1186,977,810,806,632,539,546
E05013568,Harefield Village,E09000017,Hillingdon,5733,302,341,346,280,263,329,381,417,365,349,423,413,402,291,297,209,163,162
E05013569,Hayes Town,E09000017,Hillingdon,15296,1133,1088,1038,946,1067,1371,1499,1450,1235,1008,892,769,599,406,300,220,157,118
E05013570,Heathrow Villages,E09000017,Hillingdon,14065,943,974,883,706,830,1115,1325,1313,1204,962,1031,812,603,451,379,215,161,158
E05013571,Hillingdon East,E09000017,Hillingdon,15648,1007,1079,1114,950,943,911,1063,1248,1250,1008,1042,938,842,664,572,404,272,341
E05013572,Hillingdon West,E09000017,Hillingdon,9867,684,699,586,466,638,724,910,953,833,682,643,499,415,341,290,210,153,141
E05013573,Ickenham & South Harefield,E09000017,Hillingdon,15507,884,969,913,779,709,879,983,1118,1235,1066,1035,1033,896,778,764,593,407,466
E05013574,Northwood,E09000017,Hillingdon,11317,570,671,659,477,433,628,668,740,890,766,783,718,651,644,681,483,436,419
E05013575,Northwood Hills,E09000017,Hillingdon,11860,680,807,739,576,567,691,777,914,944,803,839,728,661,547,521,389,322,355
E05013576,Pinkwell,E09000017,Hillingdon,16849,1065,1207,1267,1137,1159,1249,1326,1364,1321,1228,1091,962,775,586,429,273,242,168
E05013577,Ruislip,E09000017,Hillingdon,15535,821,864,913,774,768,862,936,1073,1082,972,1075,1083,1013,841,872,632,474,480
E05013578,Ruislip Manor,E09000017,Hillingdon,10862,732,688,608,537,513,611,769,911,847,711,800,769,626,484,423,292,267,274
E05013579,South Ruislip,E09000017,Hillingdon,17029,1169,1175,1034,886,902,1080,1427,1590,1458,1083,1137,1015,819,627,574,440,306,307
E05013580,Uxbridge,E09000017,Hillingdon,18154,1119,952,830,1371,2623,1478,1462,1320,1204,1078,956,911,735,663,532,347,271,302
E05013581,West Drayton,E09000017,Hillingdon,18413,1428,1353,1274,987,1103,1397,1934,1723,1417,1145,1072,1012,716,545,452,313,250,292
E05013582,Wood End,E09000017,Hillingdon,19376,1297,1505,1593,1303,1190,1267,1403,1569,1455,1378,1212,1031,937,688,565,354,275,354
E05013583,Yeading,E09000017,Hillingdon,13564,1045,1092,1078,870,772,903,1113,1108,1070,1048,884,823,566,390,312,200,146,144
E05013584,Yiewsley,E09000017,Hillingdon,12115,1163,878,770,690,761,1033,1209,1130,920,724,743,643,456,302,304,188,105,96
E05013606,Bedfont,E09000018,Hounslow,15336,1016,1029,1147,901,933,1014,1327,1335,1230,1010,1001,924,762,503,465,281,238,220
E05013607,Brentford East,E09000018,Hounslow,8599,620,582,584,423,533,714,927,927,754,531,560,470,309,215,171,142,82,55
E05013608,Brentford West,E09000018,Hounslow,8563,510,548,485,399,470,618,818,786,734,553,611,568,436,315,265,185,165,97
E05013609,Chiswick Gunnersbury,E09000018,Hounslow,12783,660,631,629,588,839,1103,1123,1098,1035,924,898,785,593,535,467,369,243,263
E05013610,Chiswick Homefields,E09000018,Hounslow,13907,693,778,845,716,687,907,1031,1099,1145,1068,1075,914,720,630,620,425,260,294
E05013611,Chiswick Riverside,E09000018,Hounslow,9877,547,612,575,467,467,683,806,769,914,793,747,646,484,449,393,248,161,116
E05013612,Cranford,E09000018,Hounslow,16007,1028,1057,1008,942,1016,1231,1352,1442,1266,1243,1037,854,723,626,433,360,210,179
E05013613,Feltham North,E09000018,Hounslow,12790,796,810,883,707,724,982,1055,997,941,914,820,821,611,479,477,318,243,212
E05013614,Feltham West,E09000018,Hounslow,16230,1057,1229,1216,1065,1067,1053,1332,1527,1448,1167,1147,998,683,422,345,198,148,128
E05013615,Hanworth Park,E09000018,Hounslow,10030,630,695,665,596,524,668,773,867,891,730,617,598,479,429,348,216,166,138
E05013616,Hanworth Village,E09000018,Hounslow,16524,1088,1187,1309,1035,975,1097,1158,1323,1308,1263,1145,965,782,582,525,351,210,221
E05013617,Heston Central,E09000018,Hounslow,14537,890,1006,969,865,905,1039,1240,1295,1229,1026,923,736,670,603,426,302,219,194
E05013618,Heston East,E09000018,Hounslow,11552,674,756,693,736,796,969,960,960,878,786,677,594,550,471,393,265,198,196
E05013619,Heston West,E09000018,Hounslow,15335,979,1102,1096,989,1016,1041,1305,1237,1150,993,949,846,838,627,431,294,214,228
E05013620,Hounslow Central,E09000018,Hounslow,10613,843,717,635,468,576,1036,1207,1284,963,715,663,434,326,219,194,135,107,91
E05013621,Hounslow East,E09000018,Hounslow,8786,657,626,552,412,536,647,890,892,768,587,489,430,375,261,234,169,144,117
E05013622,Hounslow Heath,E09000018,Hounslow,16071,1074,1217,1133,1011,919,1128,1310,1504,1334,1356,1060,783,702,511,396,265,204,164
E05013623,Hounslow South,E09000018,Hounslow,13878,713,863,852,797,753,840,1035,1170,1225,960,942,940,791,611,563,369,232,222
E05013624,Hounslow West,E09000018,Hounslow,15910,1115,1023,901,884,1005,1149,1553,1501,1312,1165,971,802,710,549,455,312,252,251
E05013625,Isleworth,E09000018,Hounslow,14057,899,1068,943,840,626,897,1163,1247,1252,1099,856,841,641,514,458,296,195,222
E05013626,Osterley & Spring Grove,E09000018,Hounslow,14625,917,830,840,739,757,1114,1273,1356,1276,1108,977,776,648,574,513,373,309,245
E05013627,Syon & Brentford Lock,E09000018,Hounslow,12157,805,733,711,570,623,884,1281,1289,1098,926,771,646,495,437,353,252,142,141
E05013697,Arsenal,E09000019,Islington,13145,848,653,604,482,736,1937,1973,1431,1001,860,705,609,433,287,232,163,102,89
E05013698,Barnsbury,E09000019,Islington,11831,571,467,478,450,873,1571,1637,1107,754,630,704,640,551,431,379,265,199,124
E05013699,Bunhill,E09000019,Islington,11142,504,489,460,699,1438,1518,1325,891,659,689,594,505,392,330,242,148,123,136
E05013700,Caledonian,E09000019,Islington,11322,542,520,540,652,1413,1473,1295,918,668,585,625,614,469,319,279,160,131,119
E05013701,Canonbury,E09000019,Islington,12546,750,589,595,522,701,1593,1554,1196,916,706,849,745,538,374,352,248,152,166
E05013702,Clerkenwell,E09000019,Islington,10995,558,407,395,857,1200,1333,1334,785,678,644,657,651,487,320,283,163,121,122
E05013703,Finsbury Park,E09000019,Islington,14372,718,707,721,873,1442,2130,1691,1178,873,862,820,697,497,348,282,198,157,178
E05013704,Highbury,E09000019,Islington,13934,775,603,659,628,803,1768,1870,1269,996,898,787,855,545,463,403,265,164,183
E05013705,Hillrise,E09000019,Islington,14787,816,810,886,709,1046,1560,1486,1265,1083,938,1011,883,705,507,440,289,204,149
E05013706,Holloway,E09000019,Islington,12330,514,539,484,740,1521,1750,1593,1040,715,644,617,625,485,350,270,186,115,142
E05013707,Junction,E09000019,Islington,12999,615,576,653,600,1086,1617,1449,1094,991,796,828,730,568,450,325,285,183,153
E05013708,Laycock,E09000019,Islington,13196,671,652,569,594,1366,1718,1601,1112,887,742,779,725,529,396,313,227,169,146
E05013709,Mildmay,E09000019,Islington,14150,720,719,707,677,951,1837,1969,1344,1071,758,836,840,593,368,289,194,159,118
E05013710,St Mary's & St James',E09000019,Islington,11667,648,480,439,444,774,1744,1659,1042,794,612,757,673,484,338,324,185,147,123
E05013711,St Peter's & Canalside,E09000019,Islington,11643,672,497,485,630,1035,1743,1598,1026,735,592,669,556,422,293,275,173,117,125
E05013712,Tollington,E09000019,Islington,13968,743,671,628,500,1143,2024,1802,1292,984,881,805,712,581,407,326,189,163,117
E05013713,Tufnell Park,E09000019,Islington,12371,566,615,628,570,922,1445,1484,987,974,747,826,753,523,448,354,243,158,128
E05009388,Abingdon,E09000020,Kensington and Chelsea,8180,356,343,355,279,736,760,656,630,539,691,672,524,451,328,346,238,141,135
E05009389,Brompton & Hans Town,E09000020,Kensington and Chelsea,8110,373,310,296,302,772,737,685,572,501,614,746,545,486,330,284,220,174,163
E05009390,Campden,E09000020,Kensington and Chelsea,8470,396,479,443,403,608,536,604,622,565,784,664,745,383,335,332,237,183,151
E05009391,Chelsea Riverside,E09000020,Kensington and Chelsea,7452,312,362,345,314,527,568,534,483,472,477,541,632,489,410,399,242,191,154
E05009392,Colville,E09000020,Kensington and Chelsea,8564,342,335,365,324,527,789,907,698,666,561,541,681,540,423,310,260,186,109
E05009393,Courtfield,E09000020,Kensington and Chelsea,8185,344,309,323,326,950,922,788,621,543,599,581,554,364,276,255,179,130,121
E05009394,Dalgarno,E09000020,Kensington and Chelsea,6998,417,402,409,514,438,506,564,535,415,429,494,481,450,265,269,179,128,103
E05009395,Earl's Court,E09000020,Kensington and Chelsea,8934,395,264,275,314,1189,1062,928,768,587,562,656,501,387,319,305,229,113,80
E05009396,Golborne,E09000020,Kensington and Chelsea,8890,335,364,476,523,933,886,736,636,572,644,618,626,465,332,320,175,143,106
E05009397,Holland,E09000020,Kensington and Chelsea,9266,439,490,584,501,644,739,653,786,719,707,757,661,447,301,264,273,150,151
E05009398,Norland,E09000020,Kensington and Chelsea,5463,237,267,244,215,292,412,455,423,436,369,427,492,326,234,229,184,135,86
E05009399,Notting Dale,E09000020,Kensington and Chelsea,9414,424,467,534,678,842,828,698,520,529,632,774,709,545,335,324,290,155,130
E05009400,Pembridge,E09000020,Kensington and Chelsea,5359,233,193,171,206,412,641,611,468,340,349,387,345,245,193,180,135,119,131
E05009401,Queen's Gate,E09000020,Kensington and Chelsea,7630,281,298,370,358,902,804,613,528,540,540,549,516,418,257,262,187,118,89
E05009402,Redcliffe,E09000020,Kensington and Chelsea,9174,394,403,326,467,940,894,860,774,581,647,765,677,378,298,297,211,142,120
E05009403,Royal Hospital,E09000020,Kensington and Chelsea,8403,240,325,323,340,491,619,590,474,522,590,803,642,548,511,501,352,253,279
E05009404,St Helen's,E09000020,Kensington and Chelsea,6293,306,351,273,286,332,567,521,488,397,465,450,484,437,323,230,167,101,115
E05009405,Stanley,E09000020,Kensington and Chelsea,8525,339,393,379,356,647,784,673,559,645,530,651,628,459,373,367,277,223,242
E05013928,Alexandra,E09000021,Kingston upon Thames,5829,311,384,364,333,341,320,324,410,437,446,432,352,346,274,285,204,131,135
E05013929,Berrylands,E09000021,Kingston upon Thames,6428,320,418,396,314,337,385,418,487,537,479,483,418,342,292,291,198,166,147
E05013930,Canbury Gardens,E09000021,Kingston upon Thames,7965,440,569,579,421,394,480,616,667,772,697,545,488,337,278,253,212,114,103
E05013931,Chessington South & Malden Rushett,E09000021,Kingston upon Thames,9816,600,609,588,530,543,617,731,754,695,642,758,695,544,446,414,259,206,185
E05013932,Coombe Hill,E09000021,Kingston upon Thames,7462,315,415,483,479,470,473,446,416,463,508,566,476,422,364,376,283,216,291
E05013933,Coombe Vale,E09000021,Kingston upon Thames,10313,594,653,777,630,461,513,623,663,855,839,786,716,561,498,440,309,193,202
E05013934,Green Lane & St James,E09000021,Kingston upon Thames,6833,351,410,473,453,503,375,386,452,516,515,480,424,350,293,300,206,158,188
E05013935,Hook & Chessington North,E09000021,Kingston upon Thames,10730,596,723,716,588,571,608,727,767,845,745,737,772,611,468,455,342,228,231
E05013936,King George's & Sunray,E09000021,Kingston upon Thames,5784,326,382,403,364,333,361,377,420,405,432,415,375,318,256,247,176,104,90
E05013937,Kingston Gate,E09000021,Kingston upon Thames,10971,738,833,832,600,599,684,847,860,994,987,779,592,471,332,326,227,141,129
E05013938,Kingston Town,E09000021,Kingston upon Thames,10369,547,449,395,633,1800,911,914,869,757,643,576,467,393,301,279,186,129,120
E05013939,Motspur Park & Old Malden East,E09000021,Kingston upon Thames,7027,374,393,420,381,357,366,384,481,522,515,512,487,413,358,379,262,217,206
E05013940,New Malden Village,E09000021,Kingston upon Thames,9904,597,660,689,500,462,521,683,788,881,796,707,665,485,424,388,261,197,200
E05013941,Norbiton,E09000021,Kingston upon Thames,11109,739,742,770,720,1064,844,943,909,874,806,678,542,388,371,305,183,122,109
E05013942,Old Malden,E09000021,Kingston upon Thames,6654,323,411,405,370,389,359,377,400,492,472,441,472,424,334,406,248,172,159
E05013943,St Mark's & Seething Wells,E09000021,Kingston upon Thames,11822,664,496,412,659,1115,1198,1361,1212,936,866,690,498,469,323,365,242,157,159
E05013944,Surbiton Hill,E09000021,Kingston upon Thames,10807,649,579,466,386,605,1019,1122,1020,934,757,649,549,445,397,404,303,220,303
E05013945,Tolworth,E09000021,Kingston upon Thames,11071,755,808,742,614,547,719,780,999,932,871,778,676,479,409,365,255,175,167
E05013946,Tudor,E09000021,Kingston upon Thames,7194,325,593,687,462,270,223,230,381,643,677,601,531,425,312,328,202,146,158
E05014095,Brixton Acre Lane,E09000022,Lambeth,15265,480,428,487,420,1680,3481,2095,1252,927,737,843,746,549,361,273,196,159,151
E05014096,Brixton North,E09000022,Lambeth,16188,653,779,895,930,1572,2245,1864,1192,1046,1024,1071,958,752,397,309,222,155,124
E05014097,Brixton Rush Common,E09000022,Lambeth,14610,740,743,783,755,1045,2175,1653,1153,1039,941,1042,896,571,370,267,185,134,118
E05014098,Brixton Windrush,E09000022,Lambeth,9900,421,408,383,441,1037,1767,1211,774,540,571,612,620,439,218,166,122,109,61
E05014099,Clapham Common & Abbeville,E09000022,Lambeth,10042,515,431,421,282,1022,2059,1178,743,631,607,524,514,348,227,229,138,73,100
E05014100,Clapham East,E09000022,Lambeth,9956,365,354,354,354,1331,2298,1212,685,513,464,494,454,382,217,154,122,102,101
E05014101,Clapham Park,E09000022,Lambeth,13228,614,595,594,582,1167,2035,1640,1124,965,835,854,799,466,328,233,161,132,104
E05014102,Clapham Town,E09000022,Lambeth,15522,597,621,549,473,1634,2958,1984,1204,1020,904,879,767,612,425,341,244,167,143
E05014103,Gipsy Hill,E09000022,Lambeth,10730,732,700,704,556,509,812,1164,972,868,795,776,628,510,339,266,149,150,100
E05014104,Herne Hill & Loughborough Junction,E09000022,Lambeth,15990,800,783,852,841,1218,2127,1948,1227,1076,1099,1070,1014,648,461,334,212,161,119
E05014105,Kennington,E09000022,Lambeth,15067,686,714,798,728,1228,1925,1466,1169,1046,934,1057,1035,708,536,389,270,212,166
E05014106,Knight's Hill,E09000022,Lambeth,16535,1070,1052,1031,950,898,1256,1474,1377,1290,1284,1316,1104,780,551,400,288,227,187
E05014107,Myatt's Fields,E09000022,Lambeth,11067,513,527,570,588,912,1445,1211,967,746,646,736,687,552,402,207,144,123,91
E05014108,Oval,E09000022,Lambeth,12175,471,408,450,519,1220,2143,1422,916,739,731,786,655,487,403,280,206,173,166
E05014109,St Martin's,E09000022,Lambeth,10380,550,580,637,642,698,1065,1119,898,847,780,777,643,450,246,188,102,87,71
E05014110,Stockwell East,E09000022,Lambeth,10364,423,396,391,430,942,1853,1270,872,683,602,679,579,414,261,234,129,111,95
E05014111,Stockwell West & Larkhall,E09000022,Lambeth,16541,697,796,975,837,1513,2420,1787,1283,1115,1078,1184,958,716,433,292,179,140,138
E05014112,Streatham Common & Vale,E09000022,Lambeth,17326,1021,890,986,866,1031,1581,1774,1480,1373,1276,1047,1073,850,652,517,347,309,253
E05014113,Streatham Hill East,E09000022,Lambeth,10226,530,507,539,549,636,1102,1295,938,863,719,632,569,431,242,222,157,133,162
E05014114,Streatham Hill West & Thornton,E09000022,Lambeth,10577,630,572,471,360,664,1576,1444,983,913,645,607,498,373,269,206,152,127,87
E05014115,Streatham St Leonard's,E09000022,Lambeth,16037,937,846,811,604,941,1967,1995,1672,1310,1162,1077,807,544,422,321,258,187,176
E05014116,Streatham Wells,E09000022,Lambeth,9879,543,540,475,386,520,1150,1210,998,803,709,640,547,380,303,238,159,140,138
E05014117,Vauxhall,E09000022,Lambeth,9633,350,296,310,493,1356,1683,1138,851,643,546,562,480,317,214,139,102,78,75
E05014118,Waterloo & South Bank,E09000022,Lambeth,8872,254,263,290,770,1464,1222,846,640,517,490,428,459,363,280,226,150,112,98
E05014119,West Dulwich,E09000022,Lambeth,11505,681,701,720,565,523,968,1117,1055,936,834,802,699,529,417,412,255,143,148
E05013714,Bellingham,E09000023,Lewisham,11630,733,840,936,757,670,804,838,880,899,770,871,902,695,391,246,167,138,93
E05013715,Blackheath,E09000023,Lewisham,16222,924,902,814,680,884,1550,1755,1550,1325,1164,1118,1035,732,488,451,350,246,254
E05013716,Brockley,E09000023,Lewisham,17939,1003,956,753,949,1663,2259,2256,1755,1368,1268,981,904,625,376,303,229,162,129
E05013717,Catford South,E09000023,Lewisham,17251,1089,1142,1057,1068,1098,1182,1234,1256,1258,1081,1246,1325,938,680,550,379,367,301
E05013718,Crofton Park,E09000023,Lewisham,15490,1178,1002,791,709,714,1306,1571,1585,1451,1166,948,857,680,470,403,261,224,174
E05013719,Deptford,E09000023,Lewisham,16340,821,871,884,870,1564,2114,2026,1422,1089,951,1005,953,611,423,260,198,183,95
E05013720,Downham,E09000023,Lewisham,18768,1104,1338,1561,1350,1113,1162,1264,1527,1378,1388,1393,1292,916,638,478,333,267,266
E05013721,Evelyn,E09000023,Lewisham,14972,795,770,813,731,1222,2098,2177,1545,1021,872,932,741,457,292,191,125,118,72
E05013722,Forest Hill,E09000023,Lewisham,15174,962,939,940,713,683,1288,1692,1343,1229,1224,1047,860,723,491,394,273,187,186
E05013723,Grove Park,E09000023,Lewisham,15597,1008,984,953,818,814,1140,1261,1331,1194,1027,1074,1075,859,624,525,370,261,279
E05013724,Hither Green,E09000023,Lewisham,20248,1467,1176,1231,1095,1105,1590,1903,1879,1743,1375,1424,1354,979,571,468,353,287,248
E05013725,Ladywell,E09000023,Lewisham,15226,948,861,881,722,960,1405,1466,1373,1167,1170,1059,962,744,439,376,292,196,205
E05013726,Lee Green,E09000023,Lewisham,15007,1111,999,873,726,643,1058,1409,1385,1333,1175,1063,877,675,486,438,328,223,205
E05013727,Lewisham Central,E09000023,Lewisham,8381,503,343,309,398,664,1285,1454,1014,618,431,374,355,244,137,107,65,43,37
E05013728,New Cross Gate,E09000023,Lewisham,10918,647,701,659,697,1037,1224,1145,921,845,700,682,581,433,241,137,113,78,77
E05013729,Perry Vale,E09000023,Lewisham,18328,1332,1198,1079,834,921,1393,1793,1848,1518,1288,1201,1206,812,610,486,330,234,245
E05013730,Rushey Green,E09000023,Lewisham,18783,1395,1088,1016,883,971,1694,2052,1878,1568,1331,1252,1140,796,535,391,291,242,260
E05013731,Sydenham,E09000023,Lewisham,17353,1162,1103,1073,843,809,1184,1606,1624,1470,1228,1204,1109,797,600,571,380,292,298
E05013732,Telegraph Hill,E09000023,Lewisham,16909,955,956,958,804,1271,1823,1958,1414,1275,1201,1116,1053,792,503,291,242,159,138
E05013810,Abbey,E09000024,Merton,10267,733,583,475,342,518,1246,1275,1116,950,753,617,498,328,266,233,146,85,103
E05013811,Cannon Hill,E09000024,Merton,9941,607,619,614,488,493,558,671,821,857,701,664,645,543,443,453,293,246,225
E05013812,Colliers Wood,E09000024,Merton,11579,689,527,439,379,685,1552,1628,1246,995,719,682,520,433,313,301,170,157,144
E05013813,Cricket Green,E09000024,Merton,12131,819,823,891,754,716,836,955,966,994,846,852,734,596,414,342,226,174,193
E05013814,Figge's Marsh,E09000024,Merton,11084,700,752,809,690,621,836,942,926,887,809,774,629,519,417,305,200,136,132
E05013815,Graveney,E09000024,Merton,11790,756,640,629,559,705,1136,1151,1098,1015,755,723,677,576,407,325,271,202,165
E05013816,Hillside,E09000024,Merton,8518,476,448,379,273,309,846,866,821,751,626,531,444,411,354,332,222,204,225
E05013817,Lavender Fields,E09000024,Merton,11574,666,738,672,616,657,1065,1186,1120,1035,810,781,683,552,333,279,158,126,97
E05013818,Longthornton,E09000024,Merton,11827,748,756,772,701,651,822,1006,1092,975,820,795,681,581,468,333,247,205,174
E05013819,Lower Morden,E09000024,Merton,11511,691,660,724,651,607,672,756,823,877,751,841,847,654,531,538,352,279,257
E05013820,Merton Park,E09000024,Merton,8301,433,540,564,406,404,460,515,613,688,636,608,491,418,407,397,286,230,205
E05013821,Pollards Hill,E09000024,Merton,11863,703,829,906,831,790,837,850,865,824,794,825,835,672,413,347,228,169,145
E05013822,Ravensbury,E09000024,Merton,9481,593,582,623,497,576,691,712,764,709,680,648,619,519,340,313,229,205,181
E05013823,Raynes Park,E09000024,Merton,12269,863,776,711,507,452,928,1191,1235,1151,967,763,645,504,442,427,278,219,210
E05013824,St Helier,E09000024,Merton,11119,679,692,770,661,682,859,965,926,926,811,858,673,481,301,299,200,178,158
E05013825,Village,E09000024,Merton,11481,484,670,751,604,425,608,584,622,840,952,867,793,740,654,662,498,348,379
E05013826,Wandle,E09000024,Merton,6292,453,333,291,194,338,676,847,687,533,454,384,306,229,194,157,79,67,70
E05013827,West Barnes,E09000024,Merton,10498,660,701,668,529,474,640,732,905,945,847,723,635,524,445,402,257,202,209
E05013828,Wimbledon Park,E09000024,Merton,11055,848,771,720,542,550,919,1016,999,968,819,793,560,474,358,305,205,116,92
E05013829,Wimbledon Town & Dundonald,E09000024,Merton,12685,941,877,745,458,531,1048,1295,1325,1195,971,779,665,500,399,369,209,187,191
E05013904,Beckton,E09000025,Newham,15297,949,981,1061,920,1117,1291,1560,1350,1293,1109,963,820,637,503,324,165,136,118
E05013905,Boleyn,E09000025,Newham,15562,1202,1159,1146,1189,1166,1350,1420,1351,1225,1104,1021,714,492,370,225,183,141,104
E05013906,Canning Town North,E09000025,Newham,10650,564,633,618,697,1009,1301,1199,867,760,645,659,527,412,260,204,136,98,61
E05013907,Canning Town South,E09000025,Newham,7068,355,384,390,380,627,1147,968,723,460,349,349,282,237,147,125,77,39,29
E05013908,Custom House,E09000025,Newham,17705,1130,1167,1263,1137,1344,1622,1720,1606,1383,1106,1155,1073,690,505,312,207,152,133
E05013909,East Ham,E09000025,Newham,15041,1050,1166,1112,1050,1075,1159,1235,1274,1339,1052,947,676,558,495,341,201,186,125
E05013910,East Ham South,E09000025,Newham,18048,1260,1506,1643,1417,1358,1209,1268,1548,1415,1394,1233,876,665,435,297,216,149,159
E05013911,Forest Gate North,E09000025,Newham,10815,755,667,680,618,719,930,993,1084,889,739,692,632,517,343,227,136,98,96
E05013912,Forest Gate South,E09000025,Newham,17394,1165,1134,1070,1069,1336,1578,1781,1674,1446,1184,1007,835,677,497,374,214,183,170
E05013913,Green Street East,E09000025,Newham,16820,1357,1299,1279,1134,1314,1519,1554,1428,1311,1097,872,795,632,481,284,197,152,115
E05013914,Green Street West,E09000025,Newham,15878,1318,1049,1016,922,1233,1352,1678,1581,1346,911,776,652,649,468,353,224,192,158
E05013915,Little Ilford,E09000025,Newham,18095,1381,1527,1599,1444,1368,1280,1423,1476,1440,1242,1073,829,682,465,304,210,170,182
E05013916,Manor Park,E09000025,Newham,15762,1123,1231,1201,1129,1049,1205,1418,1446,1338,1095,887,726,614,456,329,192,173,150
E05013917,Maryland,E09000025,Newham,12742,810,670,649,679,1116,1344,1413,1199,1028,836,802,591,549,368,245,188,133,122
E05013918,Plaistow North,E09000025,Newham,17672,1302,1254,1241,1150,1267,1458,1731,1537,1350,1259,1071,835,657,529,425,250,191,165
E05013919,Plaistow South,E09000025,Newham,13451,854,986,1089,911,920,1099,1133,1169,1065,1029,892,725,557,394,265,155,135,73
E05013920,Plaistow West & Canning Town East,E09000025,Newham,16890,1117,1163,1144,1121,1306,1463,1535,1436,1332,1197,1133,924,715,447,343,191,170,153
E05013921,Plashet,E09000025,Newham,11619,881,807,763,696,989,1013,1073,1063,843,691,633,565,511,425,201,163,165,137
E05013922,Royal Albert,E09000025,Newham,10170,748,648,615,614,962,1148,1192,1045,784,606,576,407,306,183,115,94,72,55
E05013923,Royal Victoria,E09000025,Newham,14515,1089,608,426,408,1117,2756,3005,2016,1022,652,543,387,209,122,58,58,22,17
E05013924,Stratford,E09000025,Newham,15756,835,673,582,618,1823,2940,2418,1720,1086,751,688,560,376,244,176,122,90,54
E05013925,Stratford Olympic Park,E09000025,Newham,11859,619,588,506,747,1600,2818,1961,1219,641,436,301,162,128,60,43,14,9,7
E05013926,Wall End,E09000025,Newham,16593,1063,1212,1291,1194,1207,1355,1416,1379,1359,1313,1143,805,645,461,309,198,138,105
E05013927,West Ham,E09000025,Newham,15708,931,842,894,929,1276,1721,1634,1344,1244,992,1027,905,652,453,369,212,170,113
E05011234,Aldborough,E09000026,Redbridge,15579,1007,1089,1110,923,945,1142,1263,1346,1316,1032,959,842,636,635,450,359,241,284
E05011235,Barkingside,E09000026,Redbridge,15236,924,1027,1011,863,978,1077,1246,1269,1139,941,893,908,856,593,528,345,295,343
E05011236,Bridge,E09000026,Redbridge,13364,810,814,842,718,651,838,1003,1118,1106,960,914,905,785,536,541,356,239,228
E05011237,Chadwell,E09000026,Redbridge,16622,1230,1387,1391,1135,1061,1042,1181,1528,1353,1149,975,916,678,501,335,239,210,311
E05011238,Churchfields,E09000026,Redbridge,15681,1052,1043,992,857,787,1003,1142,1397,1271,1207,1072,984,857,577,530,352,266,292
E05011239,Clayhall,E09000026,Redbridge,13781,646,766,936,1083,1019,963,878,844,1091,923,981,802,764,622,534,373,282,274
E05011240,Clementswood,E09000026,Redbridge,13791,1034,1048,1046,952,1031,1066,1219,1079,1026,835,851,688,580,460,344,212,158,162
E05011241,Cranbrook,E09000026,Redbridge,13199,769,824,841,873,830,1038,1117,1059,1016,882,819,655,644,557,451,306,249,269
E05011242,Fairlop,E09000026,Redbridge,14759,983,1023,995,808,886,1066,1229,1241,1219,992,974,830,685,501,480,394,233,220
E05011243,Fullwell,E09000026,Redbridge,15965,908,1085,1158,1047,984,1001,1036,1228,1230,1040,1060,1005,850,649,577,398,367,342
E05011244,Goodmayes,E09000026,Redbridge,15158,1187,1120,1041,970,1041,1213,1329,1449,1179,971,857,732,620,545,364,248,166,126
E05011245,Hainault,E09000026,Redbridge,15709,1191,1071,1095,890,863,1134,1339,1391,1316,1058,1015,878,651,499,476,350,231,261
E05011246,Ilford Town,E09000026,Redbridge,12134,1209,1133,881,709,740,1005,1399,1332,1054,730,584,398,317,211,145,89,121,77
E05011247,Loxford,E09000026,Redbridge,15060,1238,1279,1250,1142,1108,1042,1308,1272,1252,1077,845,650,506,358,258,160,164,151
E05011248,Mayfield,E09000026,Redbridge,15996,1146,1144,1367,1309,1112,1049,1169,1226,1092,1198,969,792,686,510,428,316,240,243
E05011249,Monkhams,E09000026,Redbridge,9553,467,554,583,501,443,453,496,604,703,667,695,699,583,518,564,414,305,304
E05011250,Newbury,E09000026,Redbridge,14330,911,990,1068,1059,1095,1071,1025,1030,1103,1006,934,802,675,511,400,255,206,189
E05011251,Seven Kings,E09000026,Redbridge,15153,1108,1152,1103,1073,959,1121,1278,1369,1215,1043,839,724,608,530,381,260,221,169
E05011252,South Woodford,E09000026,Redbridge,12498,794,793,634,535,542,905,1165,1197,1060,872,810,727,611,512,477,334,283,247
E05011253,Valentines,E09000026,Redbridge,15546,1221,1148,956,962,1029,1202,1421,1416,1269,1038,924,748,661,526,363,254,198,210
E05011254,Wanstead Park,E09000026,Redbridge,8154,549,545,498,415,353,412,549,644,652,583,579,524,478,415,387,254,176,141
E05011255,Wanstead Village,E09000026,Redbridge,12975,797,679,650,483,524,886,1102,1190,1132,903,859,777,783,497,622,399,301,391
E05013774,Barnes,E09000027,Richmond upon Thames,10450,489,617,757,609,440,467,519,589,793,871,852,860,625,494,532,392,282,262
E05013775,East Sheen,E09000027,Richmond upon Thames,10676,691,880,838,524,384,395,526,753,937,899,845,721,541,447,479,368,224,224
E05013776,Fulwell & Hampton Hill,E09000027,Richmond upon Thames,10730,578,759,804,495,464,540,652,763,921,955,810,767,573,452,472,309,203,213
E05013777,"Ham, Petersham & Richmond Riverside",E09000027,Richmond upon Thames,10827,603,793,890,615,374,424,536,701,942,943,869,771,548,452,478,390,262,236
E05013778,Hampton,E09000027,Richmond upon Thames,9979,525,618,643,465,384,421,561,630,784,808,808,787,594,516,559,368,241,267
E05013779,Hampton North,E09000027,Richmond upon Thames,10019,540,637,655,530,429,490,537,651,810,749,736,773,599,546,535,320,251,231
E05013780,Hampton Wick & South Teddington,E09000027,Richmond upon Thames,10754,532,644,738,596,424,559,600,708,859,910,884,816,662,521,480,332,249,240
E05013781,Heathfield,E09000027,Richmond upon Thames,10401,585,708,724,649,584,543,617,772,823,741,771,656,536,450,462,327,227,226
E05013782,Kew,E09000027,Richmond upon Thames,11793,665,719,698,539,456,669,856,956,998,940,955,825,611,457,515,376,294,264
E05013783,Mortlake & Barnes Common,E09000027,Richmond upon Thames,11802,923,825,696,458,388,646,941,1079,1028,967,897,758,541,419,488,336,215,197
E05013784,North Richmond,E09000027,Richmond upon Thames,10865,693,748,691,447,377,661,830,983,975,916,813,655,535,383,474,303,210,171
E05013785,St Margarets & North Twickenham,E09000027,Richmond upon Thames,11650,742,820,809,611,458,636,805,928,1034,1148,953,787,520,436,381,258,179,145
E05013786,South Richmond,E09000027,Richmond upon Thames,11073,586,658,632,450,401,717,881,955,913,811,866,761,574,448,515,387,249,269
E05013787,South Twickenham,E09000027,Richmond upon Thames,10826,594,654,688,911,716,555,627,720,824,871,831,761,512,462,445,309,170,176
E05013788,Teddington,E09000027,Richmond upon Thames,10572,583,608,577,492,515,549,597,751,835,846,877,807,617,503,561,404,216,234
E05013789,Twickenham Riverside,E09000027,Richmond upon Thames,11298,566,647,757,530,484,710,822,842,998,1001,904,724,555,467,461,342,209,279
E05013790,West Twickenham,E09000027,Richmond upon Thames,11104,663,799,947,679,469,474,585,777,1003,1033,954,754,522,424,413,259,160,189
E05013791,Whitton,E09000027,Richmond upon Thames,10443,544,657,701,549,513,516,593,768,873,822,788,680,586,489,466,373,235,290
E05011095,Borough & Bankside,E09000028,Southwark,9336,299,261,277,954,1279,1300,1053,738,525,485,537,506,370,252,195,115,100,90
E05011096,Camberwell Green,E09000028,Southwark,15248,801,718,855,792,1063,1876,1722,1276,1062,1067,1015,960,700,429,366,208,194,144
E05011097,Champion Hill,E09000028,Southwark,9434,529,567,588,457,558,1027,1042,821,737,653,624,637,421,260,194,127,100,92
E05011098,Chaucer,E09000028,Southwark,15013,644,651,773,1040,2088,2271,1469,1233,956,911,792,722,586,307,235,138,103,94
E05011099,Dulwich Hill,E09000028,Southwark,9712,665,583,511,409,569,917,999,888,850,788,555,553,528,283,251,143,109,111
E05011100,Dulwich Village,E09000028,Southwark,10098,574,725,846,571,408,602,530,621,791,845,753,755,585,451,399,263,188,191
E05011101,Dulwich Wood,E09000028,Southwark,10280,645,707,724,648,416,726,873,840,854,811,659,618,490,368,330,263,159,149
E05011102,Faraday,E09000028,Southwark,12490,729,766,753,841,1012,1386,1130,986,908,877,837,761,548,303,259,150,125,119
E05011103,Goose Green,E09000028,Southwark,13723,993,767,622,443,482,1679,1865,1429,1134,954,796,711,590,415,305,217,170,151
E05011104,London Bridge & West Bermondsey,E09000028,Southwark,14884,613,593,591,603,1546,2542,2132,1326,988,889,837,778,491,326,242,154,104,129
E05011105,Newington,E09000028,Southwark,13862,617,686,803,833,1203,1617,1427,1047,924,880,967,886,634,436,357,242,142,161
E05011106,North Bermondsey,E09000028,Southwark,15493,674,710,675,639,1215,2281,2149,1468,1068,975,958,814,559,403,374,206,153,172
E05011107,North Walworth,E09000028,Southwark,15671,699,659,744,872,2042,2458,1908,1336,1029,827,860,728,523,310,260,172,126,118
E05011108,Nunhead & Queen's Road,E09000028,Southwark,15603,916,808,768,699,1053,1939,1956,1366,1017,963,1032,931,692,405,401,262,215,180
E05011109,Old Kent Road,E09000028,Southwark,18579,1071,1132,1183,1157,1434,1882,1765,1388,1365,1254,1378,1161,932,466,356,263,234,158
E05011110,Peckham,E09000028,Southwark,14766,779,825,920,920,1280,1607,1483,1055,940,970,1090,959,795,421,291,168,148,115
E05011111,Peckham Rye,E09000028,Southwark,10192,781,659,699,437,488,856,1012,992,819,750,697,627,504,331,205,135,109,91
E05011112,Rotherhithe,E09000028,Southwark,15419,764,816,715,616,1265,2352,2127,1469,1094,873,856,747,544,434,302,183,121,141
E05011113,Rye Lane,E09000028,Southwark,14258,816,742,725,611,934,1793,1757,1260,1042,921,961,821,567,397,303,256,181,171
E05011114,St George's,E09000028,Southwark,8143,307,334,345,546,1253,1166,932,662,484,405,488,413,292,190,113,90,72,51
E05011115,St Giles,E09000028,Southwark,16426,884,832,814,1006,1292,2000,1893,1331,1175,1048,1159,945,689,480,341,243,159,135
E05011116,South Bermondsey,E09000028,Southwark,15956,852,823,875,790,1607,1925,1769,1361,1083,987,1067,930,626,386,326,198,187,164
E05011117,Surrey Docks,E09000028,Southwark,13184,737,533,433,308,982,2086,1980,1625,1027,796,648,588,498,357,273,149,90,74
E05013754,Beddington,E09000029,Sutton,11009,620,646,778,687,571,604,678,767,837,866,833,819,607,486,498,303,201,208
E05013755,Belmont,E09000029,Sutton,11520,666,778,755,520,496,676,744,878,958,836,834,728,592,513,560,424,278,284
E05013756,Carshalton Central,E09000029,Sutton,11671,734,818,739,553,469,649,744,911,1043,883,868,773,623,516,472,340,256,280
E05013757,Carshalton South & Clockhouse,E09000029,Sutton,10075,499,684,777,635,454,400,470,597,829,775,761,719,644,519,493,385,210,224
E05013758,Cheam,E09000029,Sutton,10837,514,639,707,639,520,560,500,570,767,802,775,795,669,565,599,470,353,393
E05013759,Hackbridge,E09000029,Sutton,6820,640,470,403,282,290,624,874,801,583,409,384,345,245,159,121,77,65,48
E05013760,North Cheam,E09000029,Sutton,11652,646,779,868,693,582,640,636,925,942,837,781,780,643,499,509,386,243,263
E05013761,St Helier East,E09000029,Sutton,8443,533,643,700,575,463,507,628,689,620,665,649,542,402,257,221,144,101,104
E05013762,St Helier West,E09000029,Sutton,12288,738,859,969,856,744,787,838,936,991,887,971,820,598,418,311,218,184,163
E05013763,South Beddington & Roundshaw,E09000029,Sutton,10821,539,714,833,733,629,613,629,669,754,752,817,759,592,480,523,353,248,184
E05013764,Stonecot,E09000029,Sutton,7777,405,501,492,465,411,387,442,544,611,559,564,568,424,406,386,231,192,189
E05013765,Sutton Central,E09000029,Sutton,12357,974,889,782,530,594,1067,1282,1236,1136,908,737,661,412,350,286,206,165,142
E05013766,Sutton North,E09000029,Sutton,11298,657,778,854,608,547,583,736,860,910,823,794,735,547,512,475,356,229,294
E05013767,Sutton South,E09000029,Sutton,12183,781,812,656,432,400,957,1169,1237,1054,857,727,660,515,475,476,309,285,381
E05013768,Sutton West & East Cheam,E09000029,Sutton,11501,735,811,746,526,495,740,910,995,1013,834,796,706,604,449,402,287,230,222
E05013769,The Wrythe,E09000029,Sutton,10710,694,739,746,597,519,623,901,929,869,715,734,686,526,399,379,231,230,193
E05013770,Wallington North,E09000029,Sutton,11950,783,838,748,603,556,697,882,1054,1012,858,878,753,564,490,461,332,227,214
E05013771,Wallington South,E09000029,Sutton,11222,650,750,780,598,493,609,708,833,873,796,758,704,625,482,500,376,281,406
E05013772,Worcester Park North,E09000029,Sutton,8317,566,616,617,454,386,407,595,730,754,731,580,521,360,297,254,212,127,110
E05013773,Worcester Park South,E09000029,Sutton,7167,401,474,419,336,331,328,375,470,565,479,480,532,475,341,433,257,215,256
E05009317,Bethnal Green,E09000030,Tower Hamlets,21205,1303,1343,1218,1949,2192,2647,2428,1807,1522,1131,973,796,654,469,302,190,139,142
E05009318,Blackwall & Cubitt Town,E09000030,Tower Hamlets,21816,1212,1007,919,919,2653,3997,3519,2363,1582,1132,761,594,388,250,205,140,99,76
E05009319,Bow East,E09000030,Tower Hamlets,19523,1128,967,952,898,1495,3028,3122,2178,1430,960,849,787,568,379,283,191,143,165
E05009320,Bow West,E09000030,Tower Hamlets,13733,860,695,704,662,1228,1778,1760,1310,918,775,750,624,514,410,305,184,125,131
E05009321,Bromley North,E09000030,Tower Hamlets,11431,814,774,687,654,979,1410,1441,1140,858,677,539,468,340,256,139,104,88,63
E05009322,Bromley South,E09000030,Tower Hamlets,14226,928,950,1027,1035,1434,1906,1850,1302,1001,832,631,406,293,223,164,77,109,58
E05009323,Canary Wharf,E09000030,Tower Hamlets,17936,1056,768,776,835,1871,3195,2774,2037,1445,919,695,550,394,211,155,111,84,60
E05009324,Island Gardens,E09000030,Tower Hamlets,14871,1019,854,724,626,1251,1820,1936,1730,1350,911,665,648,424,301,249,148,109,106
E05009325,Lansbury,E09000030,Tower Hamlets,21741,1560,1559,1574,1656,2058,2743,2446,1881,1588,1129,1052,703,576,459,283,175,132,167
E05009326,Limehouse,E09000030,Tower Hamlets,6757,363,243,215,202,577,1073,1119,717,520,527,331,290,184,144,126,55,41,30
E05009327,Mile End,E09000030,Tower Hamlets,21807,1455,1487,1449,1304,2317,2917,2775,2143,1544,1259,946,610,499,363,264,183,141,151
E05009328,Poplar,E09000030,Tower Hamlets,7939,587,636,596,574,709,944,890,774,551,472,381,244,182,155,101,58,36,49
E05009329,St Dunstan's,E09000030,Tower Hamlets,14357,925,989,966,1257,1539,1720,1523,1166,995,888,655,557,342,255,228,117,131,104
E05009330,St Katharine's & Wapping,E09000030,Tower Hamlets,12046,631,415,387,327,903,1934,1892,1285,1007,785,639,537,446,328,241,129,83,77
E05009331,St Peter's,E09000030,Tower Hamlets,19997,1092,1031,1101,1152,2085,2949,2707,1860,1399,1242,881,705,580,394,300,204,158,157
E05009332,Shadwell,E09000030,Tower Hamlets,12982,909,907,968,861,1286,1422,1349,1116,958,809,652,461,391,305,210,145,117,116
E05009333,Spitalfields & Banglatown,E09000030,Tower Hamlets,13242,665,624,580,741,1826,2349,1693,1172,859,668,532,378,414,280,134,129,113,85
E05009334,Stepney Green,E09000030,Tower Hamlets,12453,842,793,824,830,1308,1413,1212,975,901,761,630,493,428,316,253,186,157,131
E05009335,Weavers,E09000030,Tower Hamlets,13270,657,668,755,678,1372,2002,1728,1199,923,756,742,522,413,266,214,148,120,107
E05009336,Whitechapel,E09000030,Tower Hamlets,18992,1105,949,976,1206,2889,3200,2523,1630,1305,897,656,450,412,289,176,121,112,96
E05013882,Cann Hall,E09000031,Waltham Forest,16075,1093,1015,1035,956,991,1436,1654,1661,1355,1044,971,890,687,460,329,219,159,120
E05013883,Cathall,E09000031,Waltham Forest,10527,621,583,527,487,745,1153,1230,1072,779,741,646,595,432,282,255,166,106,107
E05013884,Chapel End,E09000031,Waltham Forest,14043,1050,1024,937,860,716,921,1330,1390,1400,1099,914,781,589,327,279,205,118,103
E05013885,Chingford Green,E09000031,Waltham Forest,11573,658,629,652,569,575,632,748,763,787,791,940,732,628,598,615,464,374,418
E05013886,Endlebury,E09000031,Waltham Forest,8949,500,549,555,538,501,571,518,608,578,628,669,617,538,458,384,295,217,225
E05013887,Forest,E09000031,Waltham Forest,16541,1242,1127,1092,1065,1005,1311,1495,1540,1446,1111,1072,797,652,514,380,302,251,139
E05013888,Grove Green,E09000031,Waltham Forest,14831,1127,774,624,583,819,1488,2079,1787,1353,962,914,670,492,370,280,194,169,146
E05013889,Hale End & Highams Park South,E09000031,Waltham Forest,9445,700,681,598,590,558,548,732,788,726,697,724,595,481,322,287,182,110,126
E05013890,Hatch Lane & Highams Park North,E09000031,Waltham Forest,13207,740,839,836,754,672,810,953,916,1000,953,1025,946,708,543,521,381,321,289
E05013891,High Street,E09000031,Waltham Forest,10792,743,604,574,533,566,1111,1428,1162,985,774,676,522,355,240,204,140,94,81
E05013892,Higham Hill,E09000031,Waltham Forest,14137,990,993,1070,956,845,1076,1362,1401,1239,963,876,756,535,358,264,178,157,118
E05013893,Hoe Street,E09000031,Waltham Forest,14246,987,911,727,617,755,1295,1758,1412,1226,1060,867,707,549,432,364,238,171,170
E05013894,Larkswood,E09000031,Waltham Forest,13373,901,864,812,733,619,931,1040,1142,973,863,938,891,724,505,470,364,322,281
E05013895,Lea Bridge,E09000031,Waltham Forest,15120,1036,912,852,749,855,1360,1752,1573,1312,1064,960,788,641,423,280,211,191,161
E05013896,Leyton,E09000031,Waltham Forest,13801,958,792,812,800,885,1272,1607,1379,1121,954,810,675,590,408,261,201,144,132
E05013897,Leytonstone,E09000031,Waltham Forest,12360,761,656,573,477,679,1115,1583,1351,1019,821,738,675,595,501,349,207,141,119
E05013898,Markhouse,E09000031,Waltham Forest,10120,707,601,554,569,629,901,1117,1082,743,701,653,555,374,319,245,160,114,96
E05013899,St James,E09000031,Waltham Forest,12496,889,753,662,622,721,1230,1753,1612,1066,781,639,489,464,281,192,148,108,86
E05013900,Upper Walthamstow,E09000031,Waltham Forest,8395,585,615,560,536,443,529,703,856,652,591,612,502,384,264,218,144,108,93
E05013901,Valley,E09000031,Waltham Forest,14282,879,925,950,885,818,989,1037,1047,1003,970,1021,1019,739,569,521,382,260,268
E05013902,William Morris,E09000031,Waltham Forest,14653,1083,885,922,756,698,1117,1681,1624,1475,1104,916,740,522,365,322,199,138,106
E05013903,Wood Street,E09000031,Waltham Forest,9493,743,699,665,499,477,749,967,937,877,707,556,528,359,268,169,113,101,79
E05014009,Balham,E09000032,Wandsworth,17467,937,818,703,513,1308,3457,2176,1359,1162,1040,917,770,622,447,390,323,239,286
E05014010,Battersea Park,E09000032,Wandsworth,18917,993,902,894,729,1293,2572,2273,1553,1435,1246,1181,1046,737,564,512,353,332,302
E05014011,East Putney,E09000032,Wandsworth,17165,854,801,775,570,1078,2556,2172,1683,1360,1166,968,818,616,471,457,332,244,244
E05014012,Falconbrook,E09000032,Wandsworth,12036,695,597,644,566,1231,1782,1431,995,810,652,629,616,399,292,248,175,142,132
E05014013,Furzedown,E09000032,Wandsworth,17744,1024,1092,1104,1080,1178,1615,1571,1557,1237,1284,1196,1053,779,605,470,353,292,254
E05014014,Lavender,E09000032,Wandsworth,12578,634,529,436,261,1102,2949,1806,1120,834,688,574,502,347,248,226,140,99,83
E05014015,Nine Elms,E09000032,Wandsworth,5478,348,186,139,152,599,1070,932,675,448,309,200,181,92,54,32,29,16,16
E05014016,Northcote,E09000032,Wandsworth,13355,1061,1169,979,595,661,1269,968,1121,1246,1078,960,661,478,338,290,225,127,129
E05014017,Roehampton,E09000032,Wandsworth,19121,1149,1294,1309,1484,2104,1508,1443,1465,1381,1209,1137,933,795,558,461,373,244,274
E05014018,St Mary's,E09000032,Wandsworth,14293,755,578,463,369,915,2549,2019,1478,1079,853,787,643,496,389,373,248,159,140
E05014019,Shaftesbury & Queenstown,E09000032,Wandsworth,15758,801,701,708,565,1355,2727,1877,1261,1032,951,838,821,627,474,383,266,209,162
E05014020,South Balham,E09000032,Wandsworth,10117,507,406,407,315,759,2000,1256,752,597,650,566,518,448,284,262,181,114,95
E05014021,Southfields,E09000032,Wandsworth,12576,1072,748,597,390,552,1312,1554,1358,1106,878,725,617,494,345,341,224,148,115
E05014022,Thamesfield,E09000032,Wandsworth,16307,885,789,713,489,941,2382,1962,1483,1336,1091,1010,804,634,570,486,328,233,171
E05014023,Tooting Bec,E09000032,Wandsworth,16990,898,853,718,655,1445,2877,1956,1372,1214,970,861,774,573,458,463,347,286,270
E05014024,Tooting Broadway,E09000032,Wandsworth,17294,930,822,712,595,1666,2985,2226,1585,1288,934,848,727,561,380,387,232,225,191
E05014025,Trinity,E09000032,Wandsworth,10887,545,440,456,351,728,1851,1333,872,758,685,681,652,449,322,336,164,137,127
E05014026,Wandle,E09000032,Wandsworth,10862,727,570,497,391,732,1617,1536,1039,836,631,608,498,318,245,250,165,117,85
E05014027,Wandsworth Common,E09000032,Wandsworth,16625,1111,857,782,749,997,2028,2158,1667,1346,1117,1020,814,591,414,378,250,156,190
E05014028,Wandsworth Town,E09000032,Wandsworth,18078,926,781,688,538,1193,3391,2651,1828,1379,1028,935,788,551,439,382,250,180,150
E05014029,West Hill,E09000032,Wandsworth,16817,943,1001,1065,899,1056,1557,1574,1545,1427,1164,1046,973,710,584,466,346,214,247
E05014030,West Putney,E09000032,Wandsworth,16956,909,989,868,795,1001,1600,1582,1512,1273,1203,1113,1005,783,575,660,420,303,365
E05013792,Abbey Road,E09000033,Westminster,12980,589,612,669,580,864,1176,1345,1092,1004,916,934,735,561,474,481,355,279,314
E05013793,Bayswater,E09000033,Westminster,12146,563,417,329,364,1033,1530,1554,1194,1006,940,755,625,518,342,384,286,154,152
E05013794,Church Street,E09000033,Westminster,11651,581,527,708,810,1275,1188,1024,675,636,737,756,803,489,420,371,259,236,156
E05013795,Harrow Road,E09000033,Westminster,11190,527,457,558,600,899,1205,1174,896,832,758,837,755,597,379,269,205,127,115
E05013796,Hyde Park,E09000033,Westminster,10117,413,326,359,647,1317,1244,1066,771,677,646,605,535,396,340,292,223,125,135
E05013797,Knightsbridge & Belgravia,E09000033,Westminster,11178,447,432,431,1092,1010,882,757,698,755,815,866,777,648,423,409,312,212,212
E05013798,Lancaster Gate,E09000033,Westminster,11271,419,324,265,378,1250,1714,1462,1018,794,716,752,564,399,322,339,282,142,131
E05013799,Little Venice,E09000033,Westminster,10346,506,460,447,483,682,941,1056,783,848,795,820,694,501,391,356,213,214,156
E05013800,Maida Vale,E09000033,Westminster,11697,654,582,553,533,993,1391,1224,1126,863,755,784,719,437,370,273,198,133,109
E05013801,Marylebone,E09000033,Westminster,12428,448,376,384,477,1243,1632,1506,1080,864,805,825,727,551,443,401,291,195,180
E05013802,Pimlico North,E09000033,Westminster,10294,302,304,345,372,924,1463,1091,809,624,667,827,594,560,392,391,298,163,168
E05013803,Pimlico South,E09000033,Westminster,10579,416,434,546,610,910,1193,858,757,621,675,748,701,608,419,358,288,198,239
E05013804,Queen's Park,E09000033,Westminster,12743,676,669,715,798,989,1238,1156,954,831,862,979,815,662,496,327,257,201,118
E05013805,Regent's Park,E09000033,Westminster,11803,453,435,477,480,1029,1475,1320,894,806,802,759,675,491,449,367,345,246,300
E05013806,St James's,E09000033,Westminster,10063,308,244,328,680,1261,1272,1002,767,635,627,692,614,479,384,301,212,123,134
E05013807,Vincent Square,E09000033,Westminster,10596,358,413,457,481,1078,1205,1035,772,672,735,815,626,498,484,377,267,160,163
E05013808,West End,E09000033,Westminster,11243,296,272,280,417,1495,1388,1149,948,769,709,791,712,630,398,357,242,206,184
E05013809,Westbourne,E09000033,Westminster,11878,546,583,786,841,1058,1123,1138,864,821,808,844,754,555,365,267,192,162,171
